This file contains any messages produced by compilers while
running configure, to aid debugging if configure makes a mistake.

It was created by Valgrind configure 3.26.0, which was
generated by GNU Autoconf 2.72.  Invocation command line was

  $ ./configure

## --------- ##
## Platform. ##
## --------- ##

hostname = supercalculator2
uname -m = x86_64
uname -r = 6.8.0-90-generic
uname -s = Linux
uname -v = #91~22.04.1-Ubuntu SMP PREEMPT_DYNAMIC Thu Nov 20 15:20:45 UTC 2

/usr/bin/uname -p = x86_64
/bin/uname -X     = unknown

/bin/arch              = x86_64
/usr/bin/arch -k       = unknown
/usr/convex/getsysinfo = unknown
/usr/bin/hostinfo      = unknown
/bin/machine           = unknown
/usr/bin/oslevel       = unknown
/bin/universe          = unknown

PATH: /usr/local/jdk-21/bin/
PATH: /home/francesco/.local/bin/
PATH: /usr/local/sbin/
PATH: /usr/local/bin/
PATH: /usr/sbin/
PATH: /usr/bin/
PATH: /sbin/
PATH: /bin/
PATH: /usr/games/
PATH: /usr/local/games/
PATH: /snap/bin/
PATH: /snap/bin/


## ----------- ##
## Core tests. ##
## ----------- ##

configure:3368: looking for aux files: config.guess config.sub compile missing install-sh
configure:3381:  trying ./
configure:3410:   ./config.guess found
configure:3410:   ./config.sub found
configure:3410:   ./compile found
configure:3410:   ./missing found
configure:3392:   ./install-sh found
configure:3554: checking for a BSD-compatible install
configure:3628: result: /usr/bin/install -c
configure:3639: checking whether sleep supports fractional seconds
configure:3655: result: yes
configure:3658: checking filesystem timestamp resolution
configure:3793: result: 0.01
configure:3798: checking whether build environment is sane
configure:3839: result: yes
configure:4010: checking for a race-free mkdir -p
configure:4053: result: /usr/bin/mkdir -p
configure:4060: checking for gawk
configure:4081: found /usr/bin/gawk
configure:4093: result: gawk
configure:4104: checking whether make sets $(MAKE)
configure:4128: result: yes
configure:4154: checking whether make supports nested variables
configure:4173: result: yes
configure:4187: checking xargs -n works
configure:4203: result: yes
configure:4288: checking whether UID '1000' is supported by ustar format
configure:4294: result: yes
configure:4301: checking whether GID '1000' is supported by ustar format
configure:4307: result: yes
configure:4315: checking how to create a ustar tar archive
configure:4326: tar --version
tar (GNU tar) 1.34
Copyright (C) 2021 Free Software Foundation, Inc.
License GPLv3+: GNU GPL version 3 or later <https://gnu.org/licenses/gpl.html>.
This is free software: you are free to change and redistribute it.
There is NO WARRANTY, to the extent permitted by law.

Written by John Gilmore and Jay Fenlason.
configure:4329: $? = 0
configure:4369: tardir=conftest.dir && eval tar --format=ustar -chf - "$tardir" >conftest.tar
configure:4372: $? = 0
configure:4376: tar -xf - <conftest.tar
configure:4379: $? = 0
configure:4381: cat conftest.dir/file
GrepMe
configure:4384: $? = 0
configure:4399: result: gnutar
configure:4427: checking whether to enable maintainer-specific portions of Makefiles
configure:4438: result: no
configure:4463: checking whether ln -s works
configure:4467: result: yes
configure:4540: checking for gcc
configure:4561: found /usr/bin/gcc
configure:4573: result: gcc
configure:4932: checking for C compiler version
configure:4941: gcc --version >&5
gcc (Ubuntu 11.4.0-1ubuntu1~22.04.2) 11.4.0
Copyright (C) 2021 Free Software Foundation, Inc.
This is free software; see the source for copying conditions.  There is NO
warranty; not even for MERCHANTABILITY or FITNESS FOR A PARTICULAR PURPOSE.

configure:4952: $? = 0
configure:4941: gcc -v >&5
Using built-in specs.
COLLECT_GCC=gcc
COLLECT_LTO_WRAPPER=/usr/lib/gcc/x86_64-linux-gnu/11/lto-wrapper
OFFLOAD_TARGET_NAMES=nvptx-none:amdgcn-amdhsa
OFFLOAD_TARGET_DEFAULT=1
Target: x86_64-linux-gnu
Configured with: ../src/configure -v --with-pkgversion='Ubuntu 11.4.0-1ubuntu1~22.04.2' --with-bugurl=file:///usr/share/doc/gcc-11/README.Bugs --enable-languages=c,ada,c++,go,brig,d,fortran,objc,obj-c++,m2 --prefix=/usr --with-gcc-major-version-only --program-suffix=-11 --program-prefix=x86_64-linux-gnu- --enable-shared --enable-linker-build-id --libexecdir=/usr/lib --without-included-gettext --enable-threads=posix --libdir=/usr/lib --enable-nls --enable-bootstrap --enable-clocale=gnu --enable-libstdcxx-debug --enable-libstdcxx-time=yes --with-default-libstdcxx-abi=new --enable-gnu-unique-object --disable-vtable-verify --enable-plugin --enable-default-pie --with-system-zlib --enable-libphobos-checking=release --with-target-system-zlib=auto --enable-objc-gc=auto --enable-multiarch --disable-werror --enable-cet --with-arch-32=i686 --with-abi=m64 --with-multilib-list=m32,m64,mx32 --enable-multilib --with-tune=generic --enable-offload-targets=nvptx-none=/build/gcc-11-2Y5pKs/gcc-11-11.4.0/debian/tmp-nvptx/usr,amdgcn-amdhsa=/build/gcc-11-2Y5pKs/gcc-11-11.4.0/debian/tmp-gcn/usr --without-cuda-driver --enable-checking=release --build=x86_64-linux-gnu --host=x86_64-linux-gnu --target=x86_64-linux-gnu --with-build-config=bootstrap-lto-lean --enable-link-serialization=2
Thread model: posix
Supported LTO compression algorithms: zlib zstd
gcc version 11.4.0 (Ubuntu 11.4.0-1ubuntu1~22.04.2) 
... rest of stderr output deleted ...
configure:4952: $? = 0
configure:4941: gcc -V >&5
gcc: error: unrecognized command-line option '-V'
gcc: fatal error: no input files
compilation terminated.
configure:4952: $? = 1
configure:4941: gcc -qversion >&5
gcc: error: unrecognized command-line option '-qversion'; did you mean '--version'?
gcc: fatal error: no input files
compilation terminated.
configure:4952: $? = 1
configure:4941: gcc -version >&5
gcc: error: unrecognized command-line option '-version'
gcc: fatal error: no input files
compilation terminated.
configure:4952: $? = 1
configure:4972: checking whether the C compiler works
configure:4994: gcc    conftest.c  >&5
configure:4998: $? = 0
configure:5049: result: yes
configure:5053: checking for C compiler default output file name
configure:5055: result: a.out
configure:5061: checking for suffix of executables
configure:5068: gcc -o conftest    conftest.c  >&5
configure:5072: $? = 0
configure:5096: result: 
configure:5120: checking whether we are cross compiling
configure:5128: gcc -o conftest    conftest.c  >&5
configure:5132: $? = 0
configure:5139: ./conftest
configure:5143: $? = 0
configure:5158: result: no
configure:5164: checking for suffix of object files
configure:5187: gcc -c   conftest.c >&5
configure:5191: $? = 0
configure:5215: result: o
configure:5219: checking whether the compiler supports GNU C
configure:5239: gcc -c   conftest.c >&5
configure:5239: $? = 0
configure:5251: result: yes
configure:5262: checking whether gcc accepts -g
configure:5283: gcc -c -g  conftest.c >&5
configure:5283: $? = 0
configure:5330: result: yes
configure:5350: checking for gcc option to enable C11 features
configure:5365: gcc  -c   conftest.c >&5
configure:5365: $? = 0
configure:5384: result: none needed
configure:5508: checking whether gcc understands -c and -o together
configure:5531: gcc -c conftest.c -o conftest2.o
configure:5534: $? = 0
configure:5531: gcc -c conftest.c -o conftest2.o
configure:5534: $? = 0
configure:5547: result: yes
configure:5567: checking whether make supports the include directive
configure:5582: make -f confmf.GNU && cat confinc.out
this is the am__doit target
configure:5585: $? = 0
configure:5604: result: yes (GNU style)
configure:5630: checking dependency style of gcc
configure:5743: result: gcc3
configure:5768: checking how to run the C preprocessor
configure:5794: gcc -E  conftest.c
configure:5794: $? = 0
configure:5810: gcc -E  conftest.c
conftest.c:11:10: fatal error: ac_nonexistent.h: No such file or directory
   11 | #include <ac_nonexistent.h>
      |          ^~~~~~~~~~~~~~~~~~
compilation terminated.
configure:5810: $? = 1
configure: failed program was:
| /* confdefs.h */
| #define PACKAGE_NAME "Valgrind"
| #define PACKAGE_TARNAME "valgrind"
| #define PACKAGE_VERSION "3.26.0"
| #define PACKAGE_STRING "Valgrind 3.26.0"
| #define PACKAGE_BUGREPORT "valgrind-users@lists.sourceforge.net"
| #define PACKAGE_URL ""
| #define PACKAGE "valgrind"
| #define VERSION "3.26.0"
| /* end confdefs.h.  */
| #include <ac_nonexistent.h>
configure:5839: result: gcc -E
configure:5853: gcc -E  conftest.c
configure:5853: $? = 0
configure:5869: gcc -E  conftest.c
conftest.c:11:10: fatal error: ac_nonexistent.h: No such file or directory
   11 | #include <ac_nonexistent.h>
      |          ^~~~~~~~~~~~~~~~~~
compilation terminated.
configure:5869: $? = 1
configure: failed program was:
| /* confdefs.h */
| #define PACKAGE_NAME "Valgrind"
| #define PACKAGE_TARNAME "valgrind"
| #define PACKAGE_VERSION "3.26.0"
| #define PACKAGE_STRING "Valgrind 3.26.0"
| #define PACKAGE_BUGREPORT "valgrind-users@lists.sourceforge.net"
| #define PACKAGE_URL ""
| #define PACKAGE "valgrind"
| #define VERSION "3.26.0"
| /* end confdefs.h.  */
| #include <ac_nonexistent.h>
configure:5971: checking for g++
configure:5992: found /usr/bin/g++
configure:6004: result: g++
configure:6031: checking for C++ compiler version
configure:6040: g++ --version >&5
g++ (Ubuntu 11.4.0-1ubuntu1~22.04.2) 11.4.0
Copyright (C) 2021 Free Software Foundation, Inc.
This is free software; see the source for copying conditions.  There is NO
warranty; not even for MERCHANTABILITY or FITNESS FOR A PARTICULAR PURPOSE.

configure:6051: $? = 0
configure:6040: g++ -v >&5
Using built-in specs.
COLLECT_GCC=g++
COLLECT_LTO_WRAPPER=/usr/lib/gcc/x86_64-linux-gnu/11/lto-wrapper
OFFLOAD_TARGET_NAMES=nvptx-none:amdgcn-amdhsa
OFFLOAD_TARGET_DEFAULT=1
Target: x86_64-linux-gnu
Configured with: ../src/configure -v --with-pkgversion='Ubuntu 11.4.0-1ubuntu1~22.04.2' --with-bugurl=file:///usr/share/doc/gcc-11/README.Bugs --enable-languages=c,ada,c++,go,brig,d,fortran,objc,obj-c++,m2 --prefix=/usr --with-gcc-major-version-only --program-suffix=-11 --program-prefix=x86_64-linux-gnu- --enable-shared --enable-linker-build-id --libexecdir=/usr/lib --without-included-gettext --enable-threads=posix --libdir=/usr/lib --enable-nls --enable-bootstrap --enable-clocale=gnu --enable-libstdcxx-debug --enable-libstdcxx-time=yes --with-default-libstdcxx-abi=new --enable-gnu-unique-object --disable-vtable-verify --enable-plugin --enable-default-pie --with-system-zlib --enable-libphobos-checking=release --with-target-system-zlib=auto --enable-objc-gc=auto --enable-multiarch --disable-werror --enable-cet --with-arch-32=i686 --with-abi=m64 --with-multilib-list=m32,m64,mx32 --enable-multilib --with-tune=generic --enable-offload-targets=nvptx-none=/build/gcc-11-2Y5pKs/gcc-11-11.4.0/debian/tmp-nvptx/usr,amdgcn-amdhsa=/build/gcc-11-2Y5pKs/gcc-11-11.4.0/debian/tmp-gcn/usr --without-cuda-driver --enable-checking=release --build=x86_64-linux-gnu --host=x86_64-linux-gnu --target=x86_64-linux-gnu --with-build-config=bootstrap-lto-lean --enable-link-serialization=2
Thread model: posix
Supported LTO compression algorithms: zlib zstd
gcc version 11.4.0 (Ubuntu 11.4.0-1ubuntu1~22.04.2) 
... rest of stderr output deleted ...
configure:6051: $? = 0
configure:6040: g++ -V >&5
g++: error: unrecognized command-line option '-V'
g++: fatal error: no input files
compilation terminated.
configure:6051: $? = 1
configure:6040: g++ -qversion >&5
g++: error: unrecognized command-line option '-qversion'; did you mean '--version'?
g++: fatal error: no input files
compilation terminated.
configure:6051: $? = 1
configure:6055: checking whether the compiler supports GNU C++
configure:6075: g++ -c   conftest.cpp >&5
configure:6075: $? = 0
configure:6087: result: yes
configure:6098: checking whether g++ accepts -g
configure:6119: g++ -c -g  conftest.cpp >&5
configure:6119: $? = 0
configure:6166: result: yes
configure:6186: checking for g++ option to enable C++11 features
configure:6201: g++  -c   conftest.cpp >&5
conftest.cpp: In function 'int main(int, char**)':
conftest.cpp:177:25: warning: empty parentheses were disambiguated as a function declaration [-Wvexing-parse]
  177 |   cxx11test::delegate d2();
      |                         ^~
conftest.cpp:177:25: note: remove parentheses to default-initialize a variable
  177 |   cxx11test::delegate d2();
      |                         ^~
      |                         --
conftest.cpp:177:25: note: or replace parentheses with braces to value-initialize a variable
configure:6201: $? = 0
configure:6220: result: none needed
configure:6291: checking dependency style of g++
configure:6404: result: gcc3
configure:6468: checking for ranlib
configure:6489: found /usr/bin/ranlib
configure:6501: result: ranlib
configure:6529: checking for gcc-ranlib
configure:6552: found /usr/bin/gcc-ranlib
configure:6565: result: /usr/bin/gcc-ranlib
configure:6579: checking for a sed that does not truncate output
configure:6651: result: /usr/bin/sed
configure:6663: checking for gsha256sum
configure:6699: result: no
configure:6663: checking for sha256sum
configure:6684: found /usr/bin/sha256sum
configure:6696: result: sha256sum
configure:6715: checking for ar
configure:6738: found /usr/bin/ar
configure:6751: result: /usr/bin/ar
configure:6772: checking for gcc-ar
configure:6795: found /usr/bin/gcc-ar
configure:6808: result: /usr/bin/gcc-ar
configure:6825: checking for perl
configure:6848: found /usr/bin/perl
configure:6861: result: /usr/bin/perl
configure:6873: checking for gdb
configure:6896: found /usr/bin/gdb
configure:6910: result: /usr/bin/gdb
configure:6932: checking dependency style of gcc
configure:7043: result: gcc3
configure:7061: checking for diff -u
configure:7069: result: yes
configure:7080: checking for a supported version of gcc
configure:7156: result: ok (11)
configure:7184: checking build system type
configure:7200: result: x86_64-pc-linux-gnu
configure:7220: checking host system type
configure:7235: result: x86_64-pc-linux-gnu
configure:7256: checking for a supported CPU
configure:7285: result: ok (x86_64)
configure:7405: checking for a 64-bit only build
configure:7422: result: no
configure:7426: checking for a 32-bit only build
configure:7443: result: no
configure:7456: checking for a supported OS
configure:7464: result: ok (linux-gnu)
configure:7469: checking for the kernel version
configure:7482: result: 2.6 or later (6.8.0-90-generic)
configure:7677: checking for 32 bit build support
configure:7695: gcc -o conftest -m32   conftest.c  >&5
/usr/bin/ld: cannot find Scrt1.o: No such file or directory
/usr/bin/ld: cannot find crti.o: No such file or directory
/usr/bin/ld: skipping incompatible /usr/lib/gcc/x86_64-linux-gnu/11/libgcc.a when searching for -lgcc
/usr/bin/ld: cannot find -lgcc: No such file or directory
/usr/bin/ld: skipping incompatible /usr/lib/gcc/x86_64-linux-gnu/11/libgcc.a when searching for -lgcc
/usr/bin/ld: cannot find -lgcc: No such file or directory
collect2: error: ld returned 1 exit status
configure:7695: $? = 1
configure: failed program was:
| /* confdefs.h */
| #define PACKAGE_NAME "Valgrind"
| #define PACKAGE_TARNAME "valgrind"
| #define PACKAGE_VERSION "3.26.0"
| #define PACKAGE_STRING "Valgrind 3.26.0"
| #define PACKAGE_BUGREPORT "valgrind-users@lists.sourceforge.net"
| #define PACKAGE_URL ""
| #define PACKAGE "valgrind"
| #define VERSION "3.26.0"
| #define GDB_PATH "/usr/bin/gdb"
| /* end confdefs.h.  */
| 
| int
| main (void)
| {
| 
|           return 0;
| 
|   ;
|   return 0;
| }
configure:7704: result: no
configure:7790: checking for a supported CPU/OS combination
configure:7840: result: ok (amd64-linux)
configure:8526: checking for use as an inner Valgrind
configure:8543: result: no
configure:8561: checking for using the undefined behaviour sanitiser
configure:8578: result: no
configure:8683: checking where gdb scripts are installed
configure:8695: result: ${exec_prefix}/libexec/valgrind
configure:8730: checking for stdio.h
configure:8730: gcc -c   conftest.c >&5
configure:8730: $? = 0
configure:8730: result: yes
configure:8730: checking for stdlib.h
configure:8730: gcc -c   conftest.c >&5
configure:8730: $? = 0
configure:8730: result: yes
configure:8730: checking for string.h
configure:8730: gcc -c   conftest.c >&5
configure:8730: $? = 0
configure:8730: result: yes
configure:8730: checking for inttypes.h
configure:8730: gcc -c   conftest.c >&5
configure:8730: $? = 0
configure:8730: result: yes
configure:8730: checking for stdint.h
configure:8730: gcc -c   conftest.c >&5
configure:8730: $? = 0
configure:8730: result: yes
configure:8730: checking for strings.h
configure:8730: gcc -c   conftest.c >&5
configure:8730: $? = 0
configure:8730: result: yes
configure:8730: checking for sys/stat.h
configure:8730: gcc -c   conftest.c >&5
configure:8730: $? = 0
configure:8730: result: yes
configure:8730: checking for sys/types.h
configure:8730: gcc -c   conftest.c >&5
configure:8730: $? = 0
configure:8730: result: yes
configure:8730: checking for unistd.h
configure:8730: gcc -c   conftest.c >&5
configure:8730: $? = 0
configure:8730: result: yes
configure:8730: checking for sys/time.h
configure:8730: gcc -c   conftest.c >&5
configure:8730: $? = 0
configure:8730: result: yes
configure:8730: checking for sys/param.h
configure:8730: gcc -c   conftest.c >&5
configure:8730: $? = 0
configure:8730: result: yes
configure:8755: checking for features.h
configure:8755: gcc -c   conftest.c >&5
configure:8755: $? = 0
configure:8755: result: yes
configure:8778: checking for egrep -e
configure:8908: result: /usr/bin/grep -E
configure:8984: checking whether pthread_create needs libpthread
configure:9007: gcc -o conftest    conftest.c  >&5
configure:9007: $? = 0
configure:9010: result: no
configure:9035: checking the glibc version
configure:9071: result: 2.35 family
configure:9217: checking for AT_FDCWD
configure:9236: gcc -c   conftest.c >&5
configure:9236: $? = 0
configure:9240: result: yes
configure:9267: checking for stpncpy
configure:9288: gcc -o conftest    conftest.c  >&5
configure:9288: $? = 0
configure:9292: result: yes
configure:9317: checking for PTRACE_GETREGS
configure:9338: gcc -c   conftest.c >&5
configure:9338: $? = 0
configure:9341: result: yes
configure:9359: checking for CLOCK_MONOTONIC
configure:9379: gcc -c   conftest.c >&5
configure:9379: $? = 0
configure:9382: result: yes
configure:9400: checking for Elf32_Chdr
configure:9400: gcc -c   conftest.c >&5
configure:9400: $? = 0
configure:9400: gcc -c   conftest.c >&5
conftest.c: In function 'main':
conftest.c:35:25: error: expected expression before ')' token
   35 | if (sizeof ((Elf32_Chdr)))
      |                         ^
configure:9400: $? = 1
configure: failed program was:
| /* confdefs.h */
| #define PACKAGE_NAME "Valgrind"
| #define PACKAGE_TARNAME "valgrind"
| #define PACKAGE_VERSION "3.26.0"
| #define PACKAGE_STRING "Valgrind 3.26.0"
| #define PACKAGE_BUGREPORT "valgrind-users@lists.sourceforge.net"
| #define PACKAGE_URL ""
| #define PACKAGE "valgrind"
| #define VERSION "3.26.0"
| #define GDB_PATH "/usr/bin/gdb"
| #define VG_TMPDIR "/tmp"
| #define HAVE_STDIO_H 1
| #define HAVE_STDLIB_H 1
| #define HAVE_STRING_H 1
| #define HAVE_INTTYPES_H 1
| #define HAVE_STDINT_H 1
| #define HAVE_STRINGS_H 1
| #define HAVE_SYS_STAT_H 1
| #define HAVE_SYS_TYPES_H 1
| #define HAVE_UNISTD_H 1
| #define HAVE_SYS_TIME_H 1
| #define HAVE_SYS_PARAM_H 1
| #define STDC_HEADERS 1
| #define HAVE_HEADER_FEATURES_H 1
| #define GLIBC_MANDATORY_STRLEN_REDIRECT 1
| #define GLIBC_MANDATORY_INDEX_AND_STRLEN_REDIRECT 1
| #define HAVE_PTRACE_GETREGS 1
| #define HAVE_CLOCK_MONOTONIC 1
| /* end confdefs.h.  */
| #include <elf.h>
| 
| int
| main (void)
| {
| if (sizeof ((Elf32_Chdr)))
| 	    return 0;
|   ;
|   return 0;
| }
configure:9400: result: yes
configure:9409: checking for Elf64_Chdr
configure:9409: gcc -c   conftest.c >&5
configure:9409: $? = 0
configure:9409: gcc -c   conftest.c >&5
conftest.c: In function 'main':
conftest.c:36:25: error: expected expression before ')' token
   36 | if (sizeof ((Elf64_Chdr)))
      |                         ^
configure:9409: $? = 1
configure: failed program was:
| /* confdefs.h */
| #define PACKAGE_NAME "Valgrind"
| #define PACKAGE_TARNAME "valgrind"
| #define PACKAGE_VERSION "3.26.0"
| #define PACKAGE_STRING "Valgrind 3.26.0"
| #define PACKAGE_BUGREPORT "valgrind-users@lists.sourceforge.net"
| #define PACKAGE_URL ""
| #define PACKAGE "valgrind"
| #define VERSION "3.26.0"
| #define GDB_PATH "/usr/bin/gdb"
| #define VG_TMPDIR "/tmp"
| #define HAVE_STDIO_H 1
| #define HAVE_STDLIB_H 1
| #define HAVE_STRING_H 1
| #define HAVE_INTTYPES_H 1
| #define HAVE_STDINT_H 1
| #define HAVE_STRINGS_H 1
| #define HAVE_SYS_STAT_H 1
| #define HAVE_SYS_TYPES_H 1
| #define HAVE_UNISTD_H 1
| #define HAVE_SYS_TIME_H 1
| #define HAVE_SYS_PARAM_H 1
| #define STDC_HEADERS 1
| #define HAVE_HEADER_FEATURES_H 1
| #define GLIBC_MANDATORY_STRLEN_REDIRECT 1
| #define GLIBC_MANDATORY_INDEX_AND_STRLEN_REDIRECT 1
| #define HAVE_PTRACE_GETREGS 1
| #define HAVE_CLOCK_MONOTONIC 1
| #define HAVE_ELF32_CHDR 1
| /* end confdefs.h.  */
| #include <elf.h>
| 
| int
| main (void)
| {
| if (sizeof ((Elf64_Chdr)))
| 	    return 0;
|   ;
|   return 0;
| }
configure:9409: result: yes
configure:9423: checking for pthread_rwlock_t
configure:9442: gcc -c   conftest.c >&5
configure:9442: $? = 0
configure:9445: result: yes
configure:9462: checking for clockid_t
configure:9480: gcc -c   conftest.c >&5
configure:9480: $? = 0
configure:9483: result: yes
configure:9500: checking for PTHREAD_MUTEX_ADAPTIVE_NP
configure:9519: gcc -c   conftest.c >&5
configure:9519: $? = 0
configure:9522: result: yes
configure:9540: checking for PTHREAD_MUTEX_ERRORCHECK_NP
configure:9559: gcc -c   conftest.c >&5
configure:9559: $? = 0
configure:9562: result: yes
configure:9580: checking for PTHREAD_MUTEX_RECURSIVE_NP
configure:9599: gcc -c   conftest.c >&5
configure:9599: $? = 0
configure:9602: result: yes
configure:9620: checking for PTHREAD_RECURSIVE_MUTEX_INITIALIZER_NP
configure:9640: gcc -c   conftest.c >&5
configure:9640: $? = 0
configure:9643: result: yes
configure:9661: checking for pthread_mutex_t.__m_kind
configure:9661: gcc -c   conftest.c >&5
conftest.c: In function 'main':
conftest.c:44:12: error: 'pthread_mutex_t' has no member named '__m_kind'
   44 | if (ac_aggr.__m_kind)
      |            ^
configure:9661: $? = 1
configure: failed program was:
| /* confdefs.h */
| #define PACKAGE_NAME "Valgrind"
| #define PACKAGE_TARNAME "valgrind"
| #define PACKAGE_VERSION "3.26.0"
| #define PACKAGE_STRING "Valgrind 3.26.0"
| #define PACKAGE_BUGREPORT "valgrind-users@lists.sourceforge.net"
| #define PACKAGE_URL ""
| #define PACKAGE "valgrind"
| #define VERSION "3.26.0"
| #define GDB_PATH "/usr/bin/gdb"
| #define VG_TMPDIR "/tmp"
| #define HAVE_STDIO_H 1
| #define HAVE_STDLIB_H 1
| #define HAVE_STRING_H 1
| #define HAVE_INTTYPES_H 1
| #define HAVE_STDINT_H 1
| #define HAVE_STRINGS_H 1
| #define HAVE_SYS_STAT_H 1
| #define HAVE_SYS_TYPES_H 1
| #define HAVE_UNISTD_H 1
| #define HAVE_SYS_TIME_H 1
| #define HAVE_SYS_PARAM_H 1
| #define STDC_HEADERS 1
| #define HAVE_HEADER_FEATURES_H 1
| #define GLIBC_MANDATORY_STRLEN_REDIRECT 1
| #define GLIBC_MANDATORY_INDEX_AND_STRLEN_REDIRECT 1
| #define HAVE_PTRACE_GETREGS 1
| #define HAVE_CLOCK_MONOTONIC 1
| #define HAVE_ELF32_CHDR 1
| #define HAVE_ELF64_CHDR 1
| #define HAVE_PTHREAD_RWLOCK_T 1
| #define HAVE_CLOCKID_T 1
| #define HAVE_PTHREAD_MUTEX_ADAPTIVE_NP 1
| #define HAVE_PTHREAD_MUTEX_ERRORCHECK_NP 1
| #define HAVE_PTHREAD_MUTEX_RECURSIVE_NP 1
| #define HAVE_PTHREAD_RECURSIVE_MUTEX_INITIALIZER_NP 1
| /* end confdefs.h.  */
| #include <pthread.h>
| 
| int
| main (void)
| {
| static pthread_mutex_t ac_aggr;
| if (ac_aggr.__m_kind)
| return 0;
|   ;
|   return 0;
| }
configure:9661: gcc -c   conftest.c >&5
conftest.c: In function 'main':
conftest.c:44:19: error: 'pthread_mutex_t' has no member named '__m_kind'
   44 | if (sizeof ac_aggr.__m_kind)
      |                   ^
configure:9661: $? = 1
configure: failed program was:
| /* confdefs.h */
| #define PACKAGE_NAME "Valgrind"
| #define PACKAGE_TARNAME "valgrind"
| #define PACKAGE_VERSION "3.26.0"
| #define PACKAGE_STRING "Valgrind 3.26.0"
| #define PACKAGE_BUGREPORT "valgrind-users@lists.sourceforge.net"
| #define PACKAGE_URL ""
| #define PACKAGE "valgrind"
| #define VERSION "3.26.0"
| #define GDB_PATH "/usr/bin/gdb"
| #define VG_TMPDIR "/tmp"
| #define HAVE_STDIO_H 1
| #define HAVE_STDLIB_H 1
| #define HAVE_STRING_H 1
| #define HAVE_INTTYPES_H 1
| #define HAVE_STDINT_H 1
| #define HAVE_STRINGS_H 1
| #define HAVE_SYS_STAT_H 1
| #define HAVE_SYS_TYPES_H 1
| #define HAVE_UNISTD_H 1
| #define HAVE_SYS_TIME_H 1
| #define HAVE_SYS_PARAM_H 1
| #define STDC_HEADERS 1
| #define HAVE_HEADER_FEATURES_H 1
| #define GLIBC_MANDATORY_STRLEN_REDIRECT 1
| #define GLIBC_MANDATORY_INDEX_AND_STRLEN_REDIRECT 1
| #define HAVE_PTRACE_GETREGS 1
| #define HAVE_CLOCK_MONOTONIC 1
| #define HAVE_ELF32_CHDR 1
| #define HAVE_ELF64_CHDR 1
| #define HAVE_PTHREAD_RWLOCK_T 1
| #define HAVE_CLOCKID_T 1
| #define HAVE_PTHREAD_MUTEX_ADAPTIVE_NP 1
| #define HAVE_PTHREAD_MUTEX_ERRORCHECK_NP 1
| #define HAVE_PTHREAD_MUTEX_RECURSIVE_NP 1
| #define HAVE_PTHREAD_RECURSIVE_MUTEX_INITIALIZER_NP 1
| /* end confdefs.h.  */
| #include <pthread.h>
| 
| int
| main (void)
| {
| static pthread_mutex_t ac_aggr;
| if (sizeof ac_aggr.__m_kind)
| return 0;
|   ;
|   return 0;
| }
configure:9661: result: no
configure:9675: checking for pthread_mutex_t.__data.__kind
configure:9675: gcc -c   conftest.c >&5
configure:9675: $? = 0
configure:9675: result: yes
configure:9698: checking if AT_HWCAP contains the altivec indicator
configure:9707: result: no
configure:9714: checking if AT_HWCAP contains the vsx indicator
configure:9723: result: no
configure:9730: checking if AT_HWCAP contains the dfp indicator
configure:9739: result: no
configure:9746: checking if AT_HWCAP contains the arch_2_05 indicator
configure:9755: result: no
configure:9762: checking if AT_HWCAP contains the arch_2_06 indicator
configure:9771: result: no
configure:9778: checking if AT_HWCAP contains the arch_2_07 indicator
configure:9787: result: no
configure:9794: checking if AT_HWCAP contains the arch_3_00 indicator
configure:9803: result: no
configure:9810: checking if AT_HWCAP contains the arch_3_1 indicator
configure:9819: result: no
configure:9826: checking if AT_HWCAP contains the htm indicator
configure:9835: result: no
configure:9842: checking if AT_HWCAP contains the mma indicator
configure:9851: result: no
configure:9875: checking that assembler knows ISA 2.07 instructions 
configure:9891: gcc -c   conftest.c >&5
conftest.c: Assembler messages:
conftest.c:45: Error: no such instruction: `mtvsrd 1,2'
configure:9891: $? = 1
configure: failed program was:
| /* confdefs.h */
| #define PACKAGE_NAME "Valgrind"
| #define PACKAGE_TARNAME "valgrind"
| #define PACKAGE_VERSION "3.26.0"
| #define PACKAGE_STRING "Valgrind 3.26.0"
| #define PACKAGE_BUGREPORT "valgrind-users@lists.sourceforge.net"
| #define PACKAGE_URL ""
| #define PACKAGE "valgrind"
| #define VERSION "3.26.0"
| #define GDB_PATH "/usr/bin/gdb"
| #define VG_TMPDIR "/tmp"
| #define HAVE_STDIO_H 1
| #define HAVE_STDLIB_H 1
| #define HAVE_STRING_H 1
| #define HAVE_INTTYPES_H 1
| #define HAVE_STDINT_H 1
| #define HAVE_STRINGS_H 1
| #define HAVE_SYS_STAT_H 1
| #define HAVE_SYS_TYPES_H 1
| #define HAVE_UNISTD_H 1
| #define HAVE_SYS_TIME_H 1
| #define HAVE_SYS_PARAM_H 1
| #define STDC_HEADERS 1
| #define HAVE_HEADER_FEATURES_H 1
| #define GLIBC_MANDATORY_STRLEN_REDIRECT 1
| #define GLIBC_MANDATORY_INDEX_AND_STRLEN_REDIRECT 1
| #define HAVE_PTRACE_GETREGS 1
| #define HAVE_CLOCK_MONOTONIC 1
| #define HAVE_ELF32_CHDR 1
| #define HAVE_ELF64_CHDR 1
| #define HAVE_PTHREAD_RWLOCK_T 1
| #define HAVE_CLOCKID_T 1
| #define HAVE_PTHREAD_MUTEX_ADAPTIVE_NP 1
| #define HAVE_PTHREAD_MUTEX_ERRORCHECK_NP 1
| #define HAVE_PTHREAD_MUTEX_RECURSIVE_NP 1
| #define HAVE_PTHREAD_RECURSIVE_MUTEX_INITIALIZER_NP 1
| #define HAVE_PTHREAD_MUTEX_T__DATA__KIND 1
| /* end confdefs.h.  */
| 
| 
| int
| main (void)
| {
| 
|   __asm__ __volatile__("mtvsrd 1,2 ");
| 
|   ;
|   return 0;
| }
configure:9901: result: no
configure:9920: checking for Altivec support in the compiler 
configure:9939: gcc -c -maltivec -Werror  conftest.c >&5
gcc: error: unrecognized command-line option '-maltivec'
configure:9939: $? = 1
configure: failed program was:
| /* confdefs.h */
| #define PACKAGE_NAME "Valgrind"
| #define PACKAGE_TARNAME "valgrind"
| #define PACKAGE_VERSION "3.26.0"
| #define PACKAGE_STRING "Valgrind 3.26.0"
| #define PACKAGE_BUGREPORT "valgrind-users@lists.sourceforge.net"
| #define PACKAGE_URL ""
| #define PACKAGE "valgrind"
| #define VERSION "3.26.0"
| #define GDB_PATH "/usr/bin/gdb"
| #define VG_TMPDIR "/tmp"
| #define HAVE_STDIO_H 1
| #define HAVE_STDLIB_H 1
| #define HAVE_STRING_H 1
| #define HAVE_INTTYPES_H 1
| #define HAVE_STDINT_H 1
| #define HAVE_STRINGS_H 1
| #define HAVE_SYS_STAT_H 1
| #define HAVE_SYS_TYPES_H 1
| #define HAVE_UNISTD_H 1
| #define HAVE_SYS_TIME_H 1
| #define HAVE_SYS_PARAM_H 1
| #define STDC_HEADERS 1
| #define HAVE_HEADER_FEATURES_H 1
| #define GLIBC_MANDATORY_STRLEN_REDIRECT 1
| #define GLIBC_MANDATORY_INDEX_AND_STRLEN_REDIRECT 1
| #define HAVE_PTRACE_GETREGS 1
| #define HAVE_CLOCK_MONOTONIC 1
| #define HAVE_ELF32_CHDR 1
| #define HAVE_ELF64_CHDR 1
| #define HAVE_PTHREAD_RWLOCK_T 1
| #define HAVE_CLOCKID_T 1
| #define HAVE_PTHREAD_MUTEX_ADAPTIVE_NP 1
| #define HAVE_PTHREAD_MUTEX_ERRORCHECK_NP 1
| #define HAVE_PTHREAD_MUTEX_RECURSIVE_NP 1
| #define HAVE_PTHREAD_RECURSIVE_MUTEX_INITIALIZER_NP 1
| #define HAVE_PTHREAD_MUTEX_T__DATA__KIND 1
| /* end confdefs.h.  */
| 
| #include <altivec.h>
| 
| int
| main (void)
| {
| 
|   vector unsigned int v;
| 
|   ;
|   return 0;
| }
configure:9949: result: no
configure:9969: checking for VSX compiler flag support
configure:9986: gcc -c -mvsx -Werror  conftest.c >&5
gcc: error: unrecognized command-line option '-mvsx'
configure:9986: $? = 1
configure: failed program was:
| /* confdefs.h */
| #define PACKAGE_NAME "Valgrind"
| #define PACKAGE_TARNAME "valgrind"
| #define PACKAGE_VERSION "3.26.0"
| #define PACKAGE_STRING "Valgrind 3.26.0"
| #define PACKAGE_BUGREPORT "valgrind-users@lists.sourceforge.net"
| #define PACKAGE_URL ""
| #define PACKAGE "valgrind"
| #define VERSION "3.26.0"
| #define GDB_PATH "/usr/bin/gdb"
| #define VG_TMPDIR "/tmp"
| #define HAVE_STDIO_H 1
| #define HAVE_STDLIB_H 1
| #define HAVE_STRING_H 1
| #define HAVE_INTTYPES_H 1
| #define HAVE_STDINT_H 1
| #define HAVE_STRINGS_H 1
| #define HAVE_SYS_STAT_H 1
| #define HAVE_SYS_TYPES_H 1
| #define HAVE_UNISTD_H 1
| #define HAVE_SYS_TIME_H 1
| #define HAVE_SYS_PARAM_H 1
| #define STDC_HEADERS 1
| #define HAVE_HEADER_FEATURES_H 1
| #define GLIBC_MANDATORY_STRLEN_REDIRECT 1
| #define GLIBC_MANDATORY_INDEX_AND_STRLEN_REDIRECT 1
| #define HAVE_PTRACE_GETREGS 1
| #define HAVE_CLOCK_MONOTONIC 1
| #define HAVE_ELF32_CHDR 1
| #define HAVE_ELF64_CHDR 1
| #define HAVE_PTHREAD_RWLOCK_T 1
| #define HAVE_CLOCKID_T 1
| #define HAVE_PTHREAD_MUTEX_ADAPTIVE_NP 1
| #define HAVE_PTHREAD_MUTEX_ERRORCHECK_NP 1
| #define HAVE_PTHREAD_MUTEX_RECURSIVE_NP 1
| #define HAVE_PTHREAD_RECURSIVE_MUTEX_INITIALIZER_NP 1
| #define HAVE_PTHREAD_MUTEX_T__DATA__KIND 1
| /* end confdefs.h.  */
| 
| 
| int
| main (void)
| {
| 
| 
|   ;
|   return 0;
| }
configure:9996: result: no
configure:10004: checking for VSX support in the assembler 
configure:10024: gcc -c -mvsx -Werror  conftest.c >&5
gcc: error: unrecognized command-line option '-mvsx'
configure:10024: $? = 1
configure: failed program was:
| /* confdefs.h */
| #define PACKAGE_NAME "Valgrind"
| #define PACKAGE_TARNAME "valgrind"
| #define PACKAGE_VERSION "3.26.0"
| #define PACKAGE_STRING "Valgrind 3.26.0"
| #define PACKAGE_BUGREPORT "valgrind-users@lists.sourceforge.net"
| #define PACKAGE_URL ""
| #define PACKAGE "valgrind"
| #define VERSION "3.26.0"
| #define GDB_PATH "/usr/bin/gdb"
| #define VG_TMPDIR "/tmp"
| #define HAVE_STDIO_H 1
| #define HAVE_STDLIB_H 1
| #define HAVE_STRING_H 1
| #define HAVE_INTTYPES_H 1
| #define HAVE_STDINT_H 1
| #define HAVE_STRINGS_H 1
| #define HAVE_SYS_STAT_H 1
| #define HAVE_SYS_TYPES_H 1
| #define HAVE_UNISTD_H 1
| #define HAVE_SYS_TIME_H 1
| #define HAVE_SYS_PARAM_H 1
| #define STDC_HEADERS 1
| #define HAVE_HEADER_FEATURES_H 1
| #define GLIBC_MANDATORY_STRLEN_REDIRECT 1
| #define GLIBC_MANDATORY_INDEX_AND_STRLEN_REDIRECT 1
| #define HAVE_PTRACE_GETREGS 1
| #define HAVE_CLOCK_MONOTONIC 1
| #define HAVE_ELF32_CHDR 1
| #define HAVE_ELF64_CHDR 1
| #define HAVE_PTHREAD_RWLOCK_T 1
| #define HAVE_CLOCKID_T 1
| #define HAVE_PTHREAD_MUTEX_ADAPTIVE_NP 1
| #define HAVE_PTHREAD_MUTEX_ERRORCHECK_NP 1
| #define HAVE_PTHREAD_MUTEX_RECURSIVE_NP 1
| #define HAVE_PTHREAD_RECURSIVE_MUTEX_INITIALIZER_NP 1
| #define HAVE_PTHREAD_MUTEX_T__DATA__KIND 1
| /* end confdefs.h.  */
| 
| #include <altivec.h>
| 
| int
| main (void)
| {
| 
|   vector unsigned int v;
|   __asm__ __volatile__("xsmaddadp 32, 32, 33" ::: "memory","cc");
| 
|   ;
|   return 0;
| }
configure:10034: result: no
configure:10055: checking that assembler knows DFP
configure:10077: gcc -c   conftest.c >&5
conftest.c: Assembler messages:
conftest.c:48: Error: unknown pseudo-op: `.machine'
conftest.c:49: Error: no such instruction: `dadd 1,2,3'
conftest.c:50: Error: no such instruction: `dcffix 1,2'
configure:10077: $? = 1
configure: failed program was:
| /* confdefs.h */
| #define PACKAGE_NAME "Valgrind"
| #define PACKAGE_TARNAME "valgrind"
| #define PACKAGE_VERSION "3.26.0"
| #define PACKAGE_STRING "Valgrind 3.26.0"
| #define PACKAGE_BUGREPORT "valgrind-users@lists.sourceforge.net"
| #define PACKAGE_URL ""
| #define PACKAGE "valgrind"
| #define VERSION "3.26.0"
| #define GDB_PATH "/usr/bin/gdb"
| #define VG_TMPDIR "/tmp"
| #define HAVE_STDIO_H 1
| #define HAVE_STDLIB_H 1
| #define HAVE_STRING_H 1
| #define HAVE_INTTYPES_H 1
| #define HAVE_STDINT_H 1
| #define HAVE_STRINGS_H 1
| #define HAVE_SYS_STAT_H 1
| #define HAVE_SYS_TYPES_H 1
| #define HAVE_UNISTD_H 1
| #define HAVE_SYS_TIME_H 1
| #define HAVE_SYS_PARAM_H 1
| #define STDC_HEADERS 1
| #define HAVE_HEADER_FEATURES_H 1
| #define GLIBC_MANDATORY_STRLEN_REDIRECT 1
| #define GLIBC_MANDATORY_INDEX_AND_STRLEN_REDIRECT 1
| #define HAVE_PTRACE_GETREGS 1
| #define HAVE_CLOCK_MONOTONIC 1
| #define HAVE_ELF32_CHDR 1
| #define HAVE_ELF64_CHDR 1
| #define HAVE_PTHREAD_RWLOCK_T 1
| #define HAVE_CLOCKID_T 1
| #define HAVE_PTHREAD_MUTEX_ADAPTIVE_NP 1
| #define HAVE_PTHREAD_MUTEX_ERRORCHECK_NP 1
| #define HAVE_PTHREAD_MUTEX_RECURSIVE_NP 1
| #define HAVE_PTHREAD_RECURSIVE_MUTEX_INITIALIZER_NP 1
| #define HAVE_PTHREAD_MUTEX_T__DATA__KIND 1
| /* end confdefs.h.  */
| 
| 
| int
| main (void)
| {
| 
|   #ifdef __s390__
|   __asm__ __volatile__("adtr 1, 2, 3")
|   #else
| __asm__ __volatile__(".machine power7;\n"   "dadd 1, 2, 3;\n"   "dcffix 1, 2");
|   #endif
| 
|   ;
|   return 0;
| }
configure:10087: result: no
configure:10093: checking that compiler knows -mhard-dfp switch
configure:10119: gcc -c -mhard-dfp -Werror  conftest.c >&5
gcc: error: unrecognized command-line option '-mhard-dfp'
configure:10119: $? = 1
configure: failed program was:
| /* confdefs.h */
| #define PACKAGE_NAME "Valgrind"
| #define PACKAGE_TARNAME "valgrind"
| #define PACKAGE_VERSION "3.26.0"
| #define PACKAGE_STRING "Valgrind 3.26.0"
| #define PACKAGE_BUGREPORT "valgrind-users@lists.sourceforge.net"
| #define PACKAGE_URL ""
| #define PACKAGE "valgrind"
| #define VERSION "3.26.0"
| #define GDB_PATH "/usr/bin/gdb"
| #define VG_TMPDIR "/tmp"
| #define HAVE_STDIO_H 1
| #define HAVE_STDLIB_H 1
| #define HAVE_STRING_H 1
| #define HAVE_INTTYPES_H 1
| #define HAVE_STDINT_H 1
| #define HAVE_STRINGS_H 1
| #define HAVE_SYS_STAT_H 1
| #define HAVE_SYS_TYPES_H 1
| #define HAVE_UNISTD_H 1
| #define HAVE_SYS_TIME_H 1
| #define HAVE_SYS_PARAM_H 1
| #define STDC_HEADERS 1
| #define HAVE_HEADER_FEATURES_H 1
| #define GLIBC_MANDATORY_STRLEN_REDIRECT 1
| #define GLIBC_MANDATORY_INDEX_AND_STRLEN_REDIRECT 1
| #define HAVE_PTRACE_GETREGS 1
| #define HAVE_CLOCK_MONOTONIC 1
| #define HAVE_ELF32_CHDR 1
| #define HAVE_ELF64_CHDR 1
| #define HAVE_PTHREAD_RWLOCK_T 1
| #define HAVE_CLOCKID_T 1
| #define HAVE_PTHREAD_MUTEX_ADAPTIVE_NP 1
| #define HAVE_PTHREAD_MUTEX_ERRORCHECK_NP 1
| #define HAVE_PTHREAD_MUTEX_RECURSIVE_NP 1
| #define HAVE_PTHREAD_RECURSIVE_MUTEX_INITIALIZER_NP 1
| #define HAVE_PTHREAD_MUTEX_T__DATA__KIND 1
| /* end confdefs.h.  */
| 
| 
| int
| main (void)
| {
| 
|   #ifdef __s390__
|   __asm__ __volatile__("adtr 1, 2, 3")
|   #else
|   __asm__ __volatile__(".machine power7;\n"   "dadd 1, 2, 3;\n"   "dcffix 1, 2");
|   #endif
| 
|   ;
|   return 0;
| }
configure:10129: result: no
configure:10147: checking that compiler knows DFP datatypes
configure:10163: gcc -c   conftest.c >&5
configure:10163: $? = 0
configure:10167: result: yes
configure:10191: checking if compiler accepts the -mhtm flag
configure:10209: gcc -c -mhtm -Werror  conftest.c >&5
gcc: error: unrecognized command-line option '-mhtm'; did you mean '-mrtm'?
configure:10209: $? = 1
configure: failed program was:
| /* confdefs.h */
| #define PACKAGE_NAME "Valgrind"
| #define PACKAGE_TARNAME "valgrind"
| #define PACKAGE_VERSION "3.26.0"
| #define PACKAGE_STRING "Valgrind 3.26.0"
| #define PACKAGE_BUGREPORT "valgrind-users@lists.sourceforge.net"
| #define PACKAGE_URL ""
| #define PACKAGE "valgrind"
| #define VERSION "3.26.0"
| #define GDB_PATH "/usr/bin/gdb"
| #define VG_TMPDIR "/tmp"
| #define HAVE_STDIO_H 1
| #define HAVE_STDLIB_H 1
| #define HAVE_STRING_H 1
| #define HAVE_INTTYPES_H 1
| #define HAVE_STDINT_H 1
| #define HAVE_STRINGS_H 1
| #define HAVE_SYS_STAT_H 1
| #define HAVE_SYS_TYPES_H 1
| #define HAVE_UNISTD_H 1
| #define HAVE_SYS_TIME_H 1
| #define HAVE_SYS_PARAM_H 1
| #define STDC_HEADERS 1
| #define HAVE_HEADER_FEATURES_H 1
| #define GLIBC_MANDATORY_STRLEN_REDIRECT 1
| #define GLIBC_MANDATORY_INDEX_AND_STRLEN_REDIRECT 1
| #define HAVE_PTRACE_GETREGS 1
| #define HAVE_CLOCK_MONOTONIC 1
| #define HAVE_ELF32_CHDR 1
| #define HAVE_ELF64_CHDR 1
| #define HAVE_PTHREAD_RWLOCK_T 1
| #define HAVE_CLOCKID_T 1
| #define HAVE_PTHREAD_MUTEX_ADAPTIVE_NP 1
| #define HAVE_PTHREAD_MUTEX_ERRORCHECK_NP 1
| #define HAVE_PTHREAD_MUTEX_RECURSIVE_NP 1
| #define HAVE_PTHREAD_RECURSIVE_MUTEX_INITIALIZER_NP 1
| #define HAVE_PTHREAD_MUTEX_T__DATA__KIND 1
| /* end confdefs.h.  */
| 
| 
| int
| main (void)
| {
| 
|   return 0;
| 
|   ;
|   return 0;
| }
configure:10218: result: no
configure:10227: checking if compiler can find the htm builtins
configure:10246: gcc -c -mhtm -Werror  conftest.c >&5
gcc: error: unrecognized command-line option '-mhtm'; did you mean '-mrtm'?
configure:10246: $? = 1
configure: failed program was:
| /* confdefs.h */
| #define PACKAGE_NAME "Valgrind"
| #define PACKAGE_TARNAME "valgrind"
| #define PACKAGE_VERSION "3.26.0"
| #define PACKAGE_STRING "Valgrind 3.26.0"
| #define PACKAGE_BUGREPORT "valgrind-users@lists.sourceforge.net"
| #define PACKAGE_URL ""
| #define PACKAGE "valgrind"
| #define VERSION "3.26.0"
| #define GDB_PATH "/usr/bin/gdb"
| #define VG_TMPDIR "/tmp"
| #define HAVE_STDIO_H 1
| #define HAVE_STDLIB_H 1
| #define HAVE_STRING_H 1
| #define HAVE_INTTYPES_H 1
| #define HAVE_STDINT_H 1
| #define HAVE_STRINGS_H 1
| #define HAVE_SYS_STAT_H 1
| #define HAVE_SYS_TYPES_H 1
| #define HAVE_UNISTD_H 1
| #define HAVE_SYS_TIME_H 1
| #define HAVE_SYS_PARAM_H 1
| #define STDC_HEADERS 1
| #define HAVE_HEADER_FEATURES_H 1
| #define GLIBC_MANDATORY_STRLEN_REDIRECT 1
| #define GLIBC_MANDATORY_INDEX_AND_STRLEN_REDIRECT 1
| #define HAVE_PTRACE_GETREGS 1
| #define HAVE_CLOCK_MONOTONIC 1
| #define HAVE_ELF32_CHDR 1
| #define HAVE_ELF64_CHDR 1
| #define HAVE_PTHREAD_RWLOCK_T 1
| #define HAVE_CLOCKID_T 1
| #define HAVE_PTHREAD_MUTEX_ADAPTIVE_NP 1
| #define HAVE_PTHREAD_MUTEX_ERRORCHECK_NP 1
| #define HAVE_PTHREAD_MUTEX_RECURSIVE_NP 1
| #define HAVE_PTHREAD_RECURSIVE_MUTEX_INITIALIZER_NP 1
| #define HAVE_PTHREAD_MUTEX_T__DATA__KIND 1
| /* end confdefs.h.  */
| 
| 
| int
| main (void)
| {
| 
|    if (__builtin_tbegin (0))
|       __builtin_tend (0);
| 
|   ;
|   return 0;
| }
configure:10255: result: no
configure:10276: checking that assembler knows ISA 3.00 
configure:10294: gcc -c   conftest.c >&5
conftest.c: Assembler messages:
conftest.c:45: Error: unknown pseudo-op: `.machine'
conftest.c:46: Error: no such instruction: `cnttzw 1,3'
configure:10294: $? = 1
configure: failed program was:
| /* confdefs.h */
| #define PACKAGE_NAME "Valgrind"
| #define PACKAGE_TARNAME "valgrind"
| #define PACKAGE_VERSION "3.26.0"
| #define PACKAGE_STRING "Valgrind 3.26.0"
| #define PACKAGE_BUGREPORT "valgrind-users@lists.sourceforge.net"
| #define PACKAGE_URL ""
| #define PACKAGE "valgrind"
| #define VERSION "3.26.0"
| #define GDB_PATH "/usr/bin/gdb"
| #define VG_TMPDIR "/tmp"
| #define HAVE_STDIO_H 1
| #define HAVE_STDLIB_H 1
| #define HAVE_STRING_H 1
| #define HAVE_INTTYPES_H 1
| #define HAVE_STDINT_H 1
| #define HAVE_STRINGS_H 1
| #define HAVE_SYS_STAT_H 1
| #define HAVE_SYS_TYPES_H 1
| #define HAVE_UNISTD_H 1
| #define HAVE_SYS_TIME_H 1
| #define HAVE_SYS_PARAM_H 1
| #define STDC_HEADERS 1
| #define HAVE_HEADER_FEATURES_H 1
| #define GLIBC_MANDATORY_STRLEN_REDIRECT 1
| #define GLIBC_MANDATORY_INDEX_AND_STRLEN_REDIRECT 1
| #define HAVE_PTRACE_GETREGS 1
| #define HAVE_CLOCK_MONOTONIC 1
| #define HAVE_ELF32_CHDR 1
| #define HAVE_ELF64_CHDR 1
| #define HAVE_PTHREAD_RWLOCK_T 1
| #define HAVE_CLOCKID_T 1
| #define HAVE_PTHREAD_MUTEX_ADAPTIVE_NP 1
| #define HAVE_PTHREAD_MUTEX_ERRORCHECK_NP 1
| #define HAVE_PTHREAD_MUTEX_RECURSIVE_NP 1
| #define HAVE_PTHREAD_RECURSIVE_MUTEX_INITIALIZER_NP 1
| #define HAVE_PTHREAD_MUTEX_T__DATA__KIND 1
| /* end confdefs.h.  */
| 
| 
| int
| main (void)
| {
| 
| __asm__ __volatile__ (".machine power9;\n" 	"cnttzw   1,3; \n" );
| 
|   ;
|   return 0;
| }
configure:10308: result: no
configure:10317: checking that assembler knows xscvhpdp 
configure:10335: gcc -c   conftest.c >&5
conftest.c: Assembler messages:
conftest.c:45: Error: unknown pseudo-op: `.machine'
conftest.c:46: Error: no such instruction: `xscvhpdp 1,2'
configure:10335: $? = 1
configure: failed program was:
| /* confdefs.h */
| #define PACKAGE_NAME "Valgrind"
| #define PACKAGE_TARNAME "valgrind"
| #define PACKAGE_VERSION "3.26.0"
| #define PACKAGE_STRING "Valgrind 3.26.0"
| #define PACKAGE_BUGREPORT "valgrind-users@lists.sourceforge.net"
| #define PACKAGE_URL ""
| #define PACKAGE "valgrind"
| #define VERSION "3.26.0"
| #define GDB_PATH "/usr/bin/gdb"
| #define VG_TMPDIR "/tmp"
| #define HAVE_STDIO_H 1
| #define HAVE_STDLIB_H 1
| #define HAVE_STRING_H 1
| #define HAVE_INTTYPES_H 1
| #define HAVE_STDINT_H 1
| #define HAVE_STRINGS_H 1
| #define HAVE_SYS_STAT_H 1
| #define HAVE_SYS_TYPES_H 1
| #define HAVE_UNISTD_H 1
| #define HAVE_SYS_TIME_H 1
| #define HAVE_SYS_PARAM_H 1
| #define STDC_HEADERS 1
| #define HAVE_HEADER_FEATURES_H 1
| #define GLIBC_MANDATORY_STRLEN_REDIRECT 1
| #define GLIBC_MANDATORY_INDEX_AND_STRLEN_REDIRECT 1
| #define HAVE_PTRACE_GETREGS 1
| #define HAVE_CLOCK_MONOTONIC 1
| #define HAVE_ELF32_CHDR 1
| #define HAVE_ELF64_CHDR 1
| #define HAVE_PTHREAD_RWLOCK_T 1
| #define HAVE_CLOCKID_T 1
| #define HAVE_PTHREAD_MUTEX_ADAPTIVE_NP 1
| #define HAVE_PTHREAD_MUTEX_ERRORCHECK_NP 1
| #define HAVE_PTHREAD_MUTEX_RECURSIVE_NP 1
| #define HAVE_PTHREAD_RECURSIVE_MUTEX_INITIALIZER_NP 1
| #define HAVE_PTHREAD_MUTEX_T__DATA__KIND 1
| /* end confdefs.h.  */
| 
| 
| int
| main (void)
| {
| 
| __asm__ __volatile__ (".machine power9;\n" 	"xscvhpdp 1,2;\n" );
| 
|   ;
|   return 0;
| }
configure:10345: result: no
configure:10353: checking that assembler knows darn instruction 
configure:10370: gcc -c   conftest.c >&5
conftest.c: Assembler messages:
conftest.c:45: Error: unknown pseudo-op: `.machine'
conftest.c:45: Error: no such instruction: `darn 1,0'
configure:10370: $? = 1
configure: failed program was:
| /* confdefs.h */
| #define PACKAGE_NAME "Valgrind"
| #define PACKAGE_TARNAME "valgrind"
| #define PACKAGE_VERSION "3.26.0"
| #define PACKAGE_STRING "Valgrind 3.26.0"
| #define PACKAGE_BUGREPORT "valgrind-users@lists.sourceforge.net"
| #define PACKAGE_URL ""
| #define PACKAGE "valgrind"
| #define VERSION "3.26.0"
| #define GDB_PATH "/usr/bin/gdb"
| #define VG_TMPDIR "/tmp"
| #define HAVE_STDIO_H 1
| #define HAVE_STDLIB_H 1
| #define HAVE_STRING_H 1
| #define HAVE_INTTYPES_H 1
| #define HAVE_STDINT_H 1
| #define HAVE_STRINGS_H 1
| #define HAVE_SYS_STAT_H 1
| #define HAVE_SYS_TYPES_H 1
| #define HAVE_UNISTD_H 1
| #define HAVE_SYS_TIME_H 1
| #define HAVE_SYS_PARAM_H 1
| #define STDC_HEADERS 1
| #define HAVE_HEADER_FEATURES_H 1
| #define GLIBC_MANDATORY_STRLEN_REDIRECT 1
| #define GLIBC_MANDATORY_INDEX_AND_STRLEN_REDIRECT 1
| #define HAVE_PTRACE_GETREGS 1
| #define HAVE_CLOCK_MONOTONIC 1
| #define HAVE_ELF32_CHDR 1
| #define HAVE_ELF64_CHDR 1
| #define HAVE_PTHREAD_RWLOCK_T 1
| #define HAVE_CLOCKID_T 1
| #define HAVE_PTHREAD_MUTEX_ADAPTIVE_NP 1
| #define HAVE_PTHREAD_MUTEX_ERRORCHECK_NP 1
| #define HAVE_PTHREAD_MUTEX_RECURSIVE_NP 1
| #define HAVE_PTHREAD_RECURSIVE_MUTEX_INITIALIZER_NP 1
| #define HAVE_PTHREAD_MUTEX_T__DATA__KIND 1
| /* end confdefs.h.  */
| 
| 
| int
| main (void)
| {
| 
|   __asm__ __volatile__(".machine power9; darn 1,0 ");
| 
|   ;
|   return 0;
| }
configure:10380: result: no
configure:10388: checking that assembler knows ISA 3.1 
configure:10405: gcc -c   conftest.c >&5
conftest.c: Assembler messages:
conftest.c:45: Error: unknown pseudo-op: `.machine'
conftest.c:46: Error: no such instruction: `brh 1,2'
configure:10405: $? = 1
configure: failed program was:
| /* confdefs.h */
| #define PACKAGE_NAME "Valgrind"
| #define PACKAGE_TARNAME "valgrind"
| #define PACKAGE_VERSION "3.26.0"
| #define PACKAGE_STRING "Valgrind 3.26.0"
| #define PACKAGE_BUGREPORT "valgrind-users@lists.sourceforge.net"
| #define PACKAGE_URL ""
| #define PACKAGE "valgrind"
| #define VERSION "3.26.0"
| #define GDB_PATH "/usr/bin/gdb"
| #define VG_TMPDIR "/tmp"
| #define HAVE_STDIO_H 1
| #define HAVE_STDLIB_H 1
| #define HAVE_STRING_H 1
| #define HAVE_INTTYPES_H 1
| #define HAVE_STDINT_H 1
| #define HAVE_STRINGS_H 1
| #define HAVE_SYS_STAT_H 1
| #define HAVE_SYS_TYPES_H 1
| #define HAVE_UNISTD_H 1
| #define HAVE_SYS_TIME_H 1
| #define HAVE_SYS_PARAM_H 1
| #define STDC_HEADERS 1
| #define HAVE_HEADER_FEATURES_H 1
| #define GLIBC_MANDATORY_STRLEN_REDIRECT 1
| #define GLIBC_MANDATORY_INDEX_AND_STRLEN_REDIRECT 1
| #define HAVE_PTRACE_GETREGS 1
| #define HAVE_CLOCK_MONOTONIC 1
| #define HAVE_ELF32_CHDR 1
| #define HAVE_ELF64_CHDR 1
| #define HAVE_PTHREAD_RWLOCK_T 1
| #define HAVE_CLOCKID_T 1
| #define HAVE_PTHREAD_MUTEX_ADAPTIVE_NP 1
| #define HAVE_PTHREAD_MUTEX_ERRORCHECK_NP 1
| #define HAVE_PTHREAD_MUTEX_RECURSIVE_NP 1
| #define HAVE_PTHREAD_RECURSIVE_MUTEX_INITIALIZER_NP 1
| #define HAVE_PTHREAD_MUTEX_T__DATA__KIND 1
| /* end confdefs.h.  */
| 
| 
| int
| main (void)
| {
| 
| __asm__ __volatile__ (".machine power10;\n" 	"brh 1,2;\n ");
| 
|   ;
|   return 0;
| }
configure:10415: result: no
configure:10461: checking for pthread_create@GLIBC2.0()
configure:10492: gcc -o conftest -lpthread -Werror   conftest.c  >&5
/usr/bin/ld: /tmp/ccRbN8OB.o: in function `main':
conftest.c:(.text+0x1d): undefined reference to `pthread_create@GLIBC_2.0'
collect2: error: ld returned 1 exit status
configure:10492: $? = 1
configure: failed program was:
| /* confdefs.h */
| #define PACKAGE_NAME "Valgrind"
| #define PACKAGE_TARNAME "valgrind"
| #define PACKAGE_VERSION "3.26.0"
| #define PACKAGE_STRING "Valgrind 3.26.0"
| #define PACKAGE_BUGREPORT "valgrind-users@lists.sourceforge.net"
| #define PACKAGE_URL ""
| #define PACKAGE "valgrind"
| #define VERSION "3.26.0"
| #define GDB_PATH "/usr/bin/gdb"
| #define VG_TMPDIR "/tmp"
| #define HAVE_STDIO_H 1
| #define HAVE_STDLIB_H 1
| #define HAVE_STRING_H 1
| #define HAVE_INTTYPES_H 1
| #define HAVE_STDINT_H 1
| #define HAVE_STRINGS_H 1
| #define HAVE_SYS_STAT_H 1
| #define HAVE_SYS_TYPES_H 1
| #define HAVE_UNISTD_H 1
| #define HAVE_SYS_TIME_H 1
| #define HAVE_SYS_PARAM_H 1
| #define STDC_HEADERS 1
| #define HAVE_HEADER_FEATURES_H 1
| #define GLIBC_MANDATORY_STRLEN_REDIRECT 1
| #define GLIBC_MANDATORY_INDEX_AND_STRLEN_REDIRECT 1
| #define HAVE_PTRACE_GETREGS 1
| #define HAVE_CLOCK_MONOTONIC 1
| #define HAVE_ELF32_CHDR 1
| #define HAVE_ELF64_CHDR 1
| #define HAVE_PTHREAD_RWLOCK_T 1
| #define HAVE_CLOCKID_T 1
| #define HAVE_PTHREAD_MUTEX_ADAPTIVE_NP 1
| #define HAVE_PTHREAD_MUTEX_ERRORCHECK_NP 1
| #define HAVE_PTHREAD_MUTEX_RECURSIVE_NP 1
| #define HAVE_PTHREAD_RECURSIVE_MUTEX_INITIALIZER_NP 1
| #define HAVE_PTHREAD_MUTEX_T__DATA__KIND 1
| /* end confdefs.h.  */
| 
| extern int pthread_create_glibc_2_0(void*, const void*,
|                                     void *(*)(void*), void*);
| __asm__(".symver pthread_create_glibc_2_0, pthread_create@GLIBC_2.0");
| 
| int
| main (void)
| {
| 
| #ifdef __powerpc__
| /*
|  * Apparently on PowerPC linking this program succeeds and generates an
|  * executable with the undefined symbol pthread_create@GLIBC_2.0.
|  */
| #error This test does not work properly on PowerPC.
| #else
|   pthread_create_glibc_2_0(0, 0, 0, 0);
| #endif
|   return 0;
| 
|   ;
|   return 0;
| }
configure:10505: result: no
configure:10525: checking for dlinfo RTLD_DI_TLS_MODID
configure:10552: gcc -o conftest    conftest.c -ldl >&5
configure:10552: $? = 0
configure:10556: result: yes
configure:10585: checking for eventfd()
configure:10608: gcc -o conftest    conftest.c  >&5
configure:10608: $? = 0
configure:10611: result: yes
configure:10634: checking that C++ compiler can compile C++17 code
configure:10652: g++ -c -std=c++17  conftest.cpp >&5
configure:10652: $? = 0
configure:10656: result: yes
configure:10687: checking that C++ compiler supports constexpr if
configure:10708: g++ -c -std=c++17  conftest.cpp >&5
configure:10708: $? = 0
configure:10712: result: yes
configure:10741: checking that C++ compiler supports std::align_val_t
configure:10759: g++ -c -std=c++17  conftest.cpp >&5
configure:10759: $? = 0
configure:10763: result: yes
configure:10793: checking that C++ compiler can include <thread> header file
configure:10810: g++ -c -std=c++0x  conftest.cpp >&5
configure:10810: $? = 0
configure:10814: result: yes
configure:10845: checking that C++ compiler can include <condition_variable> header file
configure:10862: g++ -c -std=c++0x  conftest.cpp >&5
configure:10862: $? = 0
configure:10866: result: yes
configure:10897: checking that C++ compiler can use std::shared_timed_mutex
configure:10915: g++ -c -std=c++1y -pthread  conftest.cpp >&5
configure:10915: $? = 0
configure:10919: result: yes
configure:10950: checking that C++ compiler can use std::timed_mutex
configure:10968: g++ -c -std=c++0x -pthread  conftest.cpp >&5
configure:10968: $? = 0
configure:10972: result: yes
configure:11005: checking for struct user_regs_struct
configure:11005: gcc -c   conftest.c >&5
configure:11005: $? = 0
configure:11005: gcc -c   conftest.c >&5
conftest.c: In function 'main':
conftest.c:49:38: error: expected expression before ')' token
   49 | if (sizeof ((struct user_regs_struct)))
      |                                      ^
configure:11005: $? = 1
configure: failed program was:
| /* confdefs.h */
| #define PACKAGE_NAME "Valgrind"
| #define PACKAGE_TARNAME "valgrind"
| #define PACKAGE_VERSION "3.26.0"
| #define PACKAGE_STRING "Valgrind 3.26.0"
| #define PACKAGE_BUGREPORT "valgrind-users@lists.sourceforge.net"
| #define PACKAGE_URL ""
| #define PACKAGE "valgrind"
| #define VERSION "3.26.0"
| #define GDB_PATH "/usr/bin/gdb"
| #define VG_TMPDIR "/tmp"
| #define HAVE_STDIO_H 1
| #define HAVE_STDLIB_H 1
| #define HAVE_STRING_H 1
| #define HAVE_INTTYPES_H 1
| #define HAVE_STDINT_H 1
| #define HAVE_STRINGS_H 1
| #define HAVE_SYS_STAT_H 1
| #define HAVE_SYS_TYPES_H 1
| #define HAVE_UNISTD_H 1
| #define HAVE_SYS_TIME_H 1
| #define HAVE_SYS_PARAM_H 1
| #define STDC_HEADERS 1
| #define HAVE_HEADER_FEATURES_H 1
| #define GLIBC_MANDATORY_STRLEN_REDIRECT 1
| #define GLIBC_MANDATORY_INDEX_AND_STRLEN_REDIRECT 1
| #define HAVE_PTRACE_GETREGS 1
| #define HAVE_CLOCK_MONOTONIC 1
| #define HAVE_ELF32_CHDR 1
| #define HAVE_ELF64_CHDR 1
| #define HAVE_PTHREAD_RWLOCK_T 1
| #define HAVE_CLOCKID_T 1
| #define HAVE_PTHREAD_MUTEX_ADAPTIVE_NP 1
| #define HAVE_PTHREAD_MUTEX_ERRORCHECK_NP 1
| #define HAVE_PTHREAD_MUTEX_RECURSIVE_NP 1
| #define HAVE_PTHREAD_RECURSIVE_MUTEX_INITIALIZER_NP 1
| #define HAVE_PTHREAD_MUTEX_T__DATA__KIND 1
| #define HAVE_DLINFO_RTLD_DI_TLS_MODID 1
| #define HAVE_EVENTFD 1
| #define HAVE_EVENTFD_READ 1
| /* end confdefs.h.  */
| #include <sys/ptrace.h>
|                #include <sys/time.h>
|                #include <sys/user.h>
| 
| int
| main (void)
| {
| if (sizeof ((struct user_regs_struct)))
| 	    return 0;
|   ;
|   return 0;
| }
configure:11005: result: yes
configure:11023: checking for __NR_membarrier
configure:11040: gcc -c   conftest.c >&5
configure:11040: $? = 0
configure:11044: result: yes
configure:11066: checking for __NR_io_pgetevents
configure:11083: gcc -c   conftest.c >&5
configure:11083: $? = 0
configure:11087: result: yes
configure:11203: checking if gcc accepts -m32
configure:11222: gcc -c  -m32 -Werror  conftest.c >&5
configure:11222: $? = 0
configure:11226: result: yes
configure:11244: checking if gcc accepts -m64
configure:11263: gcc -c -m64 -Werror  conftest.c >&5
configure:11263: $? = 0
configure:11267: result: yes
configure:11289: checking if gcc accepts -march=octeon
configure:11308: gcc -c  -m64 -march=octeon -Werror  conftest.c >&5
cc1: error: bad value ('octeon') for '-march=' switch
cc1: note: valid arguments to '-march=' switch are: nocona core2 nehalem corei7 westmere sandybridge corei7-avx ivybridge core-avx-i haswell core-avx2 broadwell skylake skylake-avx512 cannonlake icelake-client rocketlake icelake-server cascadelake tigerlake cooperlake sapphirerapids alderlake bonnell atom silvermont slm goldmont goldmont-plus tremont knl knm x86-64 x86-64-v2 x86-64-v3 x86-64-v4 eden-x2 nano nano-1000 nano-2000 nano-3000 nano-x2 eden-x4 nano-x4 k8 k8-sse3 opteron opteron-sse3 athlon64 athlon64-sse3 athlon-fx amdfam10 barcelona bdver1 bdver2 bdver3 bdver4 znver1 znver2 znver3 btver1 btver2 native; did you mean 'opteron'?
configure:11308: $? = 1
configure: failed program was:
| /* confdefs.h */
| #define PACKAGE_NAME "Valgrind"
| #define PACKAGE_TARNAME "valgrind"
| #define PACKAGE_VERSION "3.26.0"
| #define PACKAGE_STRING "Valgrind 3.26.0"
| #define PACKAGE_BUGREPORT "valgrind-users@lists.sourceforge.net"
| #define PACKAGE_URL ""
| #define PACKAGE "valgrind"
| #define VERSION "3.26.0"
| #define GDB_PATH "/usr/bin/gdb"
| #define VG_TMPDIR "/tmp"
| #define HAVE_STDIO_H 1
| #define HAVE_STDLIB_H 1
| #define HAVE_STRING_H 1
| #define HAVE_INTTYPES_H 1
| #define HAVE_STDINT_H 1
| #define HAVE_STRINGS_H 1
| #define HAVE_SYS_STAT_H 1
| #define HAVE_SYS_TYPES_H 1
| #define HAVE_UNISTD_H 1
| #define HAVE_SYS_TIME_H 1
| #define HAVE_SYS_PARAM_H 1
| #define STDC_HEADERS 1
| #define HAVE_HEADER_FEATURES_H 1
| #define GLIBC_MANDATORY_STRLEN_REDIRECT 1
| #define GLIBC_MANDATORY_INDEX_AND_STRLEN_REDIRECT 1
| #define HAVE_PTRACE_GETREGS 1
| #define HAVE_CLOCK_MONOTONIC 1
| #define HAVE_ELF32_CHDR 1
| #define HAVE_ELF64_CHDR 1
| #define HAVE_PTHREAD_RWLOCK_T 1
| #define HAVE_CLOCKID_T 1
| #define HAVE_PTHREAD_MUTEX_ADAPTIVE_NP 1
| #define HAVE_PTHREAD_MUTEX_ERRORCHECK_NP 1
| #define HAVE_PTHREAD_MUTEX_RECURSIVE_NP 1
| #define HAVE_PTHREAD_RECURSIVE_MUTEX_INITIALIZER_NP 1
| #define HAVE_PTHREAD_MUTEX_T__DATA__KIND 1
| #define HAVE_DLINFO_RTLD_DI_TLS_MODID 1
| #define HAVE_EVENTFD 1
| #define HAVE_EVENTFD_READ 1
| #define HAVE_SYS_USER_REGS 1
| /* end confdefs.h.  */
| 
| int
| main (void)
| {
| 
|     return 0;
| 
|   ;
|   return 0;
| }
configure:11318: result: no
configure:11330: checking if gcc accepts -march=octeon2
configure:11349: gcc -c  -m64 -march=octeon2 -Werror  conftest.c >&5
cc1: error: bad value ('octeon2') for '-march=' switch
cc1: note: valid arguments to '-march=' switch are: nocona core2 nehalem corei7 westmere sandybridge corei7-avx ivybridge core-avx-i haswell core-avx2 broadwell skylake skylake-avx512 cannonlake icelake-client rocketlake icelake-server cascadelake tigerlake cooperlake sapphirerapids alderlake bonnell atom silvermont slm goldmont goldmont-plus tremont knl knm x86-64 x86-64-v2 x86-64-v3 x86-64-v4 eden-x2 nano nano-1000 nano-2000 nano-3000 nano-x2 eden-x4 nano-x4 k8 k8-sse3 opteron opteron-sse3 athlon64 athlon64-sse3 athlon-fx amdfam10 barcelona bdver1 bdver2 bdver3 bdver4 znver1 znver2 znver3 btver1 btver2 native
configure:11349: $? = 1
configure: failed program was:
| /* confdefs.h */
| #define PACKAGE_NAME "Valgrind"
| #define PACKAGE_TARNAME "valgrind"
| #define PACKAGE_VERSION "3.26.0"
| #define PACKAGE_STRING "Valgrind 3.26.0"
| #define PACKAGE_BUGREPORT "valgrind-users@lists.sourceforge.net"
| #define PACKAGE_URL ""
| #define PACKAGE "valgrind"
| #define VERSION "3.26.0"
| #define GDB_PATH "/usr/bin/gdb"
| #define VG_TMPDIR "/tmp"
| #define HAVE_STDIO_H 1
| #define HAVE_STDLIB_H 1
| #define HAVE_STRING_H 1
| #define HAVE_INTTYPES_H 1
| #define HAVE_STDINT_H 1
| #define HAVE_STRINGS_H 1
| #define HAVE_SYS_STAT_H 1
| #define HAVE_SYS_TYPES_H 1
| #define HAVE_UNISTD_H 1
| #define HAVE_SYS_TIME_H 1
| #define HAVE_SYS_PARAM_H 1
| #define STDC_HEADERS 1
| #define HAVE_HEADER_FEATURES_H 1
| #define GLIBC_MANDATORY_STRLEN_REDIRECT 1
| #define GLIBC_MANDATORY_INDEX_AND_STRLEN_REDIRECT 1
| #define HAVE_PTRACE_GETREGS 1
| #define HAVE_CLOCK_MONOTONIC 1
| #define HAVE_ELF32_CHDR 1
| #define HAVE_ELF64_CHDR 1
| #define HAVE_PTHREAD_RWLOCK_T 1
| #define HAVE_CLOCKID_T 1
| #define HAVE_PTHREAD_MUTEX_ADAPTIVE_NP 1
| #define HAVE_PTHREAD_MUTEX_ERRORCHECK_NP 1
| #define HAVE_PTHREAD_MUTEX_RECURSIVE_NP 1
| #define HAVE_PTHREAD_RECURSIVE_MUTEX_INITIALIZER_NP 1
| #define HAVE_PTHREAD_MUTEX_T__DATA__KIND 1
| #define HAVE_DLINFO_RTLD_DI_TLS_MODID 1
| #define HAVE_EVENTFD 1
| #define HAVE_EVENTFD_READ 1
| #define HAVE_SYS_USER_REGS 1
| /* end confdefs.h.  */
| 
| int
| main (void)
| {
| 
|     return 0;
| 
|   ;
|   return 0;
| }
configure:11359: result: no
configure:11372: checking if gcc accepts -mmsa
configure:11391: gcc -c  -mmsa -Werror  conftest.c >&5
gcc: error: unrecognized command-line option '-mmsa'
configure:11391: $? = 1
configure: failed program was:
| /* confdefs.h */
| #define PACKAGE_NAME "Valgrind"
| #define PACKAGE_TARNAME "valgrind"
| #define PACKAGE_VERSION "3.26.0"
| #define PACKAGE_STRING "Valgrind 3.26.0"
| #define PACKAGE_BUGREPORT "valgrind-users@lists.sourceforge.net"
| #define PACKAGE_URL ""
| #define PACKAGE "valgrind"
| #define VERSION "3.26.0"
| #define GDB_PATH "/usr/bin/gdb"
| #define VG_TMPDIR "/tmp"
| #define HAVE_STDIO_H 1
| #define HAVE_STDLIB_H 1
| #define HAVE_STRING_H 1
| #define HAVE_INTTYPES_H 1
| #define HAVE_STDINT_H 1
| #define HAVE_STRINGS_H 1
| #define HAVE_SYS_STAT_H 1
| #define HAVE_SYS_TYPES_H 1
| #define HAVE_UNISTD_H 1
| #define HAVE_SYS_TIME_H 1
| #define HAVE_SYS_PARAM_H 1
| #define STDC_HEADERS 1
| #define HAVE_HEADER_FEATURES_H 1
| #define GLIBC_MANDATORY_STRLEN_REDIRECT 1
| #define GLIBC_MANDATORY_INDEX_AND_STRLEN_REDIRECT 1
| #define HAVE_PTRACE_GETREGS 1
| #define HAVE_CLOCK_MONOTONIC 1
| #define HAVE_ELF32_CHDR 1
| #define HAVE_ELF64_CHDR 1
| #define HAVE_PTHREAD_RWLOCK_T 1
| #define HAVE_CLOCKID_T 1
| #define HAVE_PTHREAD_MUTEX_ADAPTIVE_NP 1
| #define HAVE_PTHREAD_MUTEX_ERRORCHECK_NP 1
| #define HAVE_PTHREAD_MUTEX_RECURSIVE_NP 1
| #define HAVE_PTHREAD_RECURSIVE_MUTEX_INITIALIZER_NP 1
| #define HAVE_PTHREAD_MUTEX_T__DATA__KIND 1
| #define HAVE_DLINFO_RTLD_DI_TLS_MODID 1
| #define HAVE_EVENTFD 1
| #define HAVE_EVENTFD_READ 1
| #define HAVE_SYS_USER_REGS 1
| /* end confdefs.h.  */
| 
| int
| main (void)
| {
| 
|     return 0;
| 
|   ;
|   return 0;
| }
configure:11401: result: no
configure:11412: checking if gcc is producing mips n32 binaries
configure:11422: gcc -c   conftest.c >&5
conftest.c:45:2: error: #error NO
   45 | #error NO
      |  ^~~~~
configure:11422: $? = 1
configure: failed program was:
| /* confdefs.h */
| #define PACKAGE_NAME "Valgrind"
| #define PACKAGE_TARNAME "valgrind"
| #define PACKAGE_VERSION "3.26.0"
| #define PACKAGE_STRING "Valgrind 3.26.0"
| #define PACKAGE_BUGREPORT "valgrind-users@lists.sourceforge.net"
| #define PACKAGE_URL ""
| #define PACKAGE "valgrind"
| #define VERSION "3.26.0"
| #define GDB_PATH "/usr/bin/gdb"
| #define VG_TMPDIR "/tmp"
| #define HAVE_STDIO_H 1
| #define HAVE_STDLIB_H 1
| #define HAVE_STRING_H 1
| #define HAVE_INTTYPES_H 1
| #define HAVE_STDINT_H 1
| #define HAVE_STRINGS_H 1
| #define HAVE_SYS_STAT_H 1
| #define HAVE_SYS_TYPES_H 1
| #define HAVE_UNISTD_H 1
| #define HAVE_SYS_TIME_H 1
| #define HAVE_SYS_PARAM_H 1
| #define STDC_HEADERS 1
| #define HAVE_HEADER_FEATURES_H 1
| #define GLIBC_MANDATORY_STRLEN_REDIRECT 1
| #define GLIBC_MANDATORY_INDEX_AND_STRLEN_REDIRECT 1
| #define HAVE_PTRACE_GETREGS 1
| #define HAVE_CLOCK_MONOTONIC 1
| #define HAVE_ELF32_CHDR 1
| #define HAVE_ELF64_CHDR 1
| #define HAVE_PTHREAD_RWLOCK_T 1
| #define HAVE_CLOCKID_T 1
| #define HAVE_PTHREAD_MUTEX_ADAPTIVE_NP 1
| #define HAVE_PTHREAD_MUTEX_ERRORCHECK_NP 1
| #define HAVE_PTHREAD_MUTEX_RECURSIVE_NP 1
| #define HAVE_PTHREAD_RECURSIVE_MUTEX_INITIALIZER_NP 1
| #define HAVE_PTHREAD_MUTEX_T__DATA__KIND 1
| #define HAVE_DLINFO_RTLD_DI_TLS_MODID 1
| #define HAVE_EVENTFD 1
| #define HAVE_EVENTFD_READ 1
| #define HAVE_SYS_USER_REGS 1
| /* end confdefs.h.  */
| 
| #if !defined(_MIPS_SIM) || (defined(_MIPS_SIM) && (_MIPS_SIM != _ABIN32))
| #error NO
| #endif
| 
configure:11432: result: no
configure:11440: checking if gcc is producing mips n64 binaries
configure:11450: gcc -c   conftest.c >&5
conftest.c:45:2: error: #error NO
   45 | #error NO
      |  ^~~~~
configure:11450: $? = 1
configure: failed program was:
| /* confdefs.h */
| #define PACKAGE_NAME "Valgrind"
| #define PACKAGE_TARNAME "valgrind"
| #define PACKAGE_VERSION "3.26.0"
| #define PACKAGE_STRING "Valgrind 3.26.0"
| #define PACKAGE_BUGREPORT "valgrind-users@lists.sourceforge.net"
| #define PACKAGE_URL ""
| #define PACKAGE "valgrind"
| #define VERSION "3.26.0"
| #define GDB_PATH "/usr/bin/gdb"
| #define VG_TMPDIR "/tmp"
| #define HAVE_STDIO_H 1
| #define HAVE_STDLIB_H 1
| #define HAVE_STRING_H 1
| #define HAVE_INTTYPES_H 1
| #define HAVE_STDINT_H 1
| #define HAVE_STRINGS_H 1
| #define HAVE_SYS_STAT_H 1
| #define HAVE_SYS_TYPES_H 1
| #define HAVE_UNISTD_H 1
| #define HAVE_SYS_TIME_H 1
| #define HAVE_SYS_PARAM_H 1
| #define STDC_HEADERS 1
| #define HAVE_HEADER_FEATURES_H 1
| #define GLIBC_MANDATORY_STRLEN_REDIRECT 1
| #define GLIBC_MANDATORY_INDEX_AND_STRLEN_REDIRECT 1
| #define HAVE_PTRACE_GETREGS 1
| #define HAVE_CLOCK_MONOTONIC 1
| #define HAVE_ELF32_CHDR 1
| #define HAVE_ELF64_CHDR 1
| #define HAVE_PTHREAD_RWLOCK_T 1
| #define HAVE_CLOCKID_T 1
| #define HAVE_PTHREAD_MUTEX_ADAPTIVE_NP 1
| #define HAVE_PTHREAD_MUTEX_ERRORCHECK_NP 1
| #define HAVE_PTHREAD_MUTEX_RECURSIVE_NP 1
| #define HAVE_PTHREAD_RECURSIVE_MUTEX_INITIALIZER_NP 1
| #define HAVE_PTHREAD_MUTEX_T__DATA__KIND 1
| #define HAVE_DLINFO_RTLD_DI_TLS_MODID 1
| #define HAVE_EVENTFD 1
| #define HAVE_EVENTFD_READ 1
| #define HAVE_SYS_USER_REGS 1
| /* end confdefs.h.  */
| 
| #if !defined(_MIPS_SIM) || (defined(_MIPS_SIM) && (_MIPS_SIM != _ABI64))
| #error NO
| #endif
| 
configure:11459: result: no
configure:11559: checking if gcc accepts -mmmx
configure:11578: gcc -c -mmmx -Werror  conftest.c >&5
configure:11578: $? = 0
configure:11582: result: yes
configure:11600: checking if gcc accepts -msse
configure:11619: gcc -c -msse -Werror  conftest.c >&5
configure:11619: $? = 0
configure:11623: result: yes
configure:11646: checking if gcc accepts -mpreferred-stack-boundary=2 -m32
configure:11665: gcc -c -mpreferred-stack-boundary=2 -m32 -Werror  conftest.c >&5
configure:11665: $? = 0
configure:11669: result: yes
configure:11687: checking if gcc accepts -mlong-double-128
configure:11704: gcc -c -mlong-double-128 -Werror  conftest.c >&5
configure:11704: $? = 0
configure:11708: result: yes
configure:11738: checking for using the link time optimisation
configure:11755: result: no
configure:11831: checking if gcc accepts -Wmemset-transposed-args
configure:11846: gcc -c -Wmemset-transposed-args -Werror  conftest.c >&5
configure:11846: $? = 0
configure:11851: result: yes
configure:11864: checking if gcc accepts -Wnonnull
configure:11879: gcc -c -Wnonnull -Werror  conftest.c >&5
configure:11879: $? = 0
configure:11884: result: yes
configure:11897: checking if gcc accepts -Woverflow
configure:11912: gcc -c -Woverflow -Werror  conftest.c >&5
configure:11912: $? = 0
configure:11917: result: yes
configure:11930: checking if gcc accepts -Wpointer-sign
configure:11945: gcc -c -Wpointer-sign -Werror  conftest.c >&5
configure:11945: $? = 0
configure:11950: result: yes
configure:11963: checking if gcc accepts -Wuninitialized
configure:11978: gcc -c -Wuninitialized -Werror  conftest.c >&5
configure:11978: $? = 0
configure:11983: result: yes
configure:11996: checking if gcc accepts -Wmaybe-uninitialized
configure:12011: gcc -c -Wmaybe-uninitialized -Werror  conftest.c >&5
configure:12011: $? = 0
configure:12016: result: yes
configure:12029: checking if gcc accepts -Wunused-function
configure:12044: gcc -c -Wunused-function -Werror  conftest.c >&5
configure:12044: $? = 0
configure:12049: result: yes
configure:12062: checking if gcc accepts -Wstatic-local-in-inline
configure:12077: gcc -c -Wstatic-local-in-inline -Werror  conftest.c >&5
gcc: error: unrecognized command-line option '-Wstatic-local-in-inline'
configure:12077: $? = 1
configure: failed program was:
| /* confdefs.h */
| #define PACKAGE_NAME "Valgrind"
| #define PACKAGE_TARNAME "valgrind"
| #define PACKAGE_VERSION "3.26.0"
| #define PACKAGE_STRING "Valgrind 3.26.0"
| #define PACKAGE_BUGREPORT "valgrind-users@lists.sourceforge.net"
| #define PACKAGE_URL ""
| #define PACKAGE "valgrind"
| #define VERSION "3.26.0"
| #define GDB_PATH "/usr/bin/gdb"
| #define VG_TMPDIR "/tmp"
| #define HAVE_STDIO_H 1
| #define HAVE_STDLIB_H 1
| #define HAVE_STRING_H 1
| #define HAVE_INTTYPES_H 1
| #define HAVE_STDINT_H 1
| #define HAVE_STRINGS_H 1
| #define HAVE_SYS_STAT_H 1
| #define HAVE_SYS_TYPES_H 1
| #define HAVE_UNISTD_H 1
| #define HAVE_SYS_TIME_H 1
| #define HAVE_SYS_PARAM_H 1
| #define STDC_HEADERS 1
| #define HAVE_HEADER_FEATURES_H 1
| #define GLIBC_MANDATORY_STRLEN_REDIRECT 1
| #define GLIBC_MANDATORY_INDEX_AND_STRLEN_REDIRECT 1
| #define HAVE_PTRACE_GETREGS 1
| #define HAVE_CLOCK_MONOTONIC 1
| #define HAVE_ELF32_CHDR 1
| #define HAVE_ELF64_CHDR 1
| #define HAVE_PTHREAD_RWLOCK_T 1
| #define HAVE_CLOCKID_T 1
| #define HAVE_PTHREAD_MUTEX_ADAPTIVE_NP 1
| #define HAVE_PTHREAD_MUTEX_ERRORCHECK_NP 1
| #define HAVE_PTHREAD_MUTEX_RECURSIVE_NP 1
| #define HAVE_PTHREAD_RECURSIVE_MUTEX_INITIALIZER_NP 1
| #define HAVE_PTHREAD_MUTEX_T__DATA__KIND 1
| #define HAVE_DLINFO_RTLD_DI_TLS_MODID 1
| #define HAVE_EVENTFD 1
| #define HAVE_EVENTFD_READ 1
| #define HAVE_SYS_USER_REGS 1
| /* end confdefs.h.  */
| 
| int
| main (void)
| {
| ;
|   ;
|   return 0;
| }
configure:12087: result: no
configure:12095: checking if gcc accepts -Wmismatched-new-delete
configure:12110: gcc -c -Wmismatched-new-delete -Werror  conftest.c >&5
cc1: warning: command-line option '-Wmismatched-new-delete' is valid for C++/ObjC++ but not for C
configure:12110: $? = 0
configure:12115: result: yes
configure:12128: checking if gcc accepts -Winfinite-recursion
configure:12143: gcc -c -Winfinite-recursion -Werror  conftest.c >&5
gcc: error: unrecognized command-line option '-Winfinite-recursion'
configure:12143: $? = 1
configure: failed program was:
| /* confdefs.h */
| #define PACKAGE_NAME "Valgrind"
| #define PACKAGE_TARNAME "valgrind"
| #define PACKAGE_VERSION "3.26.0"
| #define PACKAGE_STRING "Valgrind 3.26.0"
| #define PACKAGE_BUGREPORT "valgrind-users@lists.sourceforge.net"
| #define PACKAGE_URL ""
| #define PACKAGE "valgrind"
| #define VERSION "3.26.0"
| #define GDB_PATH "/usr/bin/gdb"
| #define VG_TMPDIR "/tmp"
| #define HAVE_STDIO_H 1
| #define HAVE_STDLIB_H 1
| #define HAVE_STRING_H 1
| #define HAVE_INTTYPES_H 1
| #define HAVE_STDINT_H 1
| #define HAVE_STRINGS_H 1
| #define HAVE_SYS_STAT_H 1
| #define HAVE_SYS_TYPES_H 1
| #define HAVE_UNISTD_H 1
| #define HAVE_SYS_TIME_H 1
| #define HAVE_SYS_PARAM_H 1
| #define STDC_HEADERS 1
| #define HAVE_HEADER_FEATURES_H 1
| #define GLIBC_MANDATORY_STRLEN_REDIRECT 1
| #define GLIBC_MANDATORY_INDEX_AND_STRLEN_REDIRECT 1
| #define HAVE_PTRACE_GETREGS 1
| #define HAVE_CLOCK_MONOTONIC 1
| #define HAVE_ELF32_CHDR 1
| #define HAVE_ELF64_CHDR 1
| #define HAVE_PTHREAD_RWLOCK_T 1
| #define HAVE_CLOCKID_T 1
| #define HAVE_PTHREAD_MUTEX_ADAPTIVE_NP 1
| #define HAVE_PTHREAD_MUTEX_ERRORCHECK_NP 1
| #define HAVE_PTHREAD_MUTEX_RECURSIVE_NP 1
| #define HAVE_PTHREAD_RECURSIVE_MUTEX_INITIALIZER_NP 1
| #define HAVE_PTHREAD_MUTEX_T__DATA__KIND 1
| #define HAVE_DLINFO_RTLD_DI_TLS_MODID 1
| #define HAVE_EVENTFD 1
| #define HAVE_EVENTFD_READ 1
| #define HAVE_SYS_USER_REGS 1
| /* end confdefs.h.  */
| 
| int
| main (void)
| {
| ;
|   ;
|   return 0;
| }
configure:12153: result: no
configure:12161: checking if gcc accepts -Wexpansion-to-defined
configure:12176: gcc -c -Wexpansion-to-defined -Werror  conftest.c >&5
configure:12176: $? = 0
configure:12181: result: yes
configure:12194: checking if gcc accepts -Wunused-variable
configure:12209: gcc -c -Wunused-variable -Werror  conftest.c >&5
configure:12209: $? = 0
configure:12214: result: yes
configure:12227: checking if gcc accepts -Wunused-but-set-variable
configure:12242: gcc -c -Wunused-but-set-variable -Werror  conftest.c >&5
configure:12242: $? = 0
configure:12247: result: yes
configure:12260: checking if gcc accepts -Wnon-power-of-two-alignment
configure:12275: gcc -c -Wnon-power-of-two-alignment -Werror  conftest.c >&5
gcc: error: unrecognized command-line option '-Wnon-power-of-two-alignment'
configure:12275: $? = 1
configure: failed program was:
| /* confdefs.h */
| #define PACKAGE_NAME "Valgrind"
| #define PACKAGE_TARNAME "valgrind"
| #define PACKAGE_VERSION "3.26.0"
| #define PACKAGE_STRING "Valgrind 3.26.0"
| #define PACKAGE_BUGREPORT "valgrind-users@lists.sourceforge.net"
| #define PACKAGE_URL ""
| #define PACKAGE "valgrind"
| #define VERSION "3.26.0"
| #define GDB_PATH "/usr/bin/gdb"
| #define VG_TMPDIR "/tmp"
| #define HAVE_STDIO_H 1
| #define HAVE_STDLIB_H 1
| #define HAVE_STRING_H 1
| #define HAVE_INTTYPES_H 1
| #define HAVE_STDINT_H 1
| #define HAVE_STRINGS_H 1
| #define HAVE_SYS_STAT_H 1
| #define HAVE_SYS_TYPES_H 1
| #define HAVE_UNISTD_H 1
| #define HAVE_SYS_TIME_H 1
| #define HAVE_SYS_PARAM_H 1
| #define STDC_HEADERS 1
| #define HAVE_HEADER_FEATURES_H 1
| #define GLIBC_MANDATORY_STRLEN_REDIRECT 1
| #define GLIBC_MANDATORY_INDEX_AND_STRLEN_REDIRECT 1
| #define HAVE_PTRACE_GETREGS 1
| #define HAVE_CLOCK_MONOTONIC 1
| #define HAVE_ELF32_CHDR 1
| #define HAVE_ELF64_CHDR 1
| #define HAVE_PTHREAD_RWLOCK_T 1
| #define HAVE_CLOCKID_T 1
| #define HAVE_PTHREAD_MUTEX_ADAPTIVE_NP 1
| #define HAVE_PTHREAD_MUTEX_ERRORCHECK_NP 1
| #define HAVE_PTHREAD_MUTEX_RECURSIVE_NP 1
| #define HAVE_PTHREAD_RECURSIVE_MUTEX_INITIALIZER_NP 1
| #define HAVE_PTHREAD_MUTEX_T__DATA__KIND 1
| #define HAVE_DLINFO_RTLD_DI_TLS_MODID 1
| #define HAVE_EVENTFD 1
| #define HAVE_EVENTFD_READ 1
| #define HAVE_SYS_USER_REGS 1
| /* end confdefs.h.  */
| 
| int
| main (void)
| {
| ;
|   ;
|   return 0;
| }
configure:12285: result: no
configure:12293: checking if gcc accepts -Wsign-compare
configure:12308: gcc -c -Wsign-compare -Werror  conftest.c >&5
configure:12308: $? = 0
configure:12313: result: yes
configure:12326: checking if gcc accepts -Wstringop-overflow
configure:12341: gcc -c -Wstringop-overflow -Werror  conftest.c >&5
configure:12341: $? = 0
configure:12346: result: yes
configure:12359: checking if gcc accepts -Wstringop-overread
configure:12374: gcc -c -Wstringop-overread -Werror  conftest.c >&5
configure:12374: $? = 0
configure:12379: result: yes
configure:12392: checking if gcc accepts -Wstringop-truncation
configure:12407: gcc -c -Wstringop-truncation -Werror  conftest.c >&5
configure:12407: $? = 0
configure:12412: result: yes
configure:12425: checking if gcc accepts -Wformat-overflow
configure:12440: gcc -c -Wformat-overflow -Werror  conftest.c >&5
configure:12440: $? = 0
configure:12445: result: yes
configure:12458: checking if gcc accepts -Wuse-after-free
configure:12473: gcc -c -Wuse-after-free -Werror  conftest.c >&5
gcc: error: unrecognized command-line option '-Wuse-after-free'
configure:12473: $? = 1
configure: failed program was:
| /* confdefs.h */
| #define PACKAGE_NAME "Valgrind"
| #define PACKAGE_TARNAME "valgrind"
| #define PACKAGE_VERSION "3.26.0"
| #define PACKAGE_STRING "Valgrind 3.26.0"
| #define PACKAGE_BUGREPORT "valgrind-users@lists.sourceforge.net"
| #define PACKAGE_URL ""
| #define PACKAGE "valgrind"
| #define VERSION "3.26.0"
| #define GDB_PATH "/usr/bin/gdb"
| #define VG_TMPDIR "/tmp"
| #define HAVE_STDIO_H 1
| #define HAVE_STDLIB_H 1
| #define HAVE_STRING_H 1
| #define HAVE_INTTYPES_H 1
| #define HAVE_STDINT_H 1
| #define HAVE_STRINGS_H 1
| #define HAVE_SYS_STAT_H 1
| #define HAVE_SYS_TYPES_H 1
| #define HAVE_UNISTD_H 1
| #define HAVE_SYS_TIME_H 1
| #define HAVE_SYS_PARAM_H 1
| #define STDC_HEADERS 1
| #define HAVE_HEADER_FEATURES_H 1
| #define GLIBC_MANDATORY_STRLEN_REDIRECT 1
| #define GLIBC_MANDATORY_INDEX_AND_STRLEN_REDIRECT 1
| #define HAVE_PTRACE_GETREGS 1
| #define HAVE_CLOCK_MONOTONIC 1
| #define HAVE_ELF32_CHDR 1
| #define HAVE_ELF64_CHDR 1
| #define HAVE_PTHREAD_RWLOCK_T 1
| #define HAVE_CLOCKID_T 1
| #define HAVE_PTHREAD_MUTEX_ADAPTIVE_NP 1
| #define HAVE_PTHREAD_MUTEX_ERRORCHECK_NP 1
| #define HAVE_PTHREAD_MUTEX_RECURSIVE_NP 1
| #define HAVE_PTHREAD_RECURSIVE_MUTEX_INITIALIZER_NP 1
| #define HAVE_PTHREAD_MUTEX_T__DATA__KIND 1
| #define HAVE_DLINFO_RTLD_DI_TLS_MODID 1
| #define HAVE_EVENTFD 1
| #define HAVE_EVENTFD_READ 1
| #define HAVE_SYS_USER_REGS 1
| /* end confdefs.h.  */
| 
| int
| main (void)
| {
| ;
|   ;
|   return 0;
| }
configure:12483: result: no
configure:12491: checking if gcc accepts -Wfree-nonheap-object
configure:12506: gcc -c -Wfree-nonheap-object -Werror  conftest.c >&5
configure:12506: $? = 0
configure:12511: result: yes
configure:12524: checking if gcc accepts -Wfortify-source
configure:12539: gcc -c -Wfortify-source -Werror  conftest.c >&5
gcc: error: unrecognized command-line option '-Wfortify-source'
configure:12539: $? = 1
configure: failed program was:
| /* confdefs.h */
| #define PACKAGE_NAME "Valgrind"
| #define PACKAGE_TARNAME "valgrind"
| #define PACKAGE_VERSION "3.26.0"
| #define PACKAGE_STRING "Valgrind 3.26.0"
| #define PACKAGE_BUGREPORT "valgrind-users@lists.sourceforge.net"
| #define PACKAGE_URL ""
| #define PACKAGE "valgrind"
| #define VERSION "3.26.0"
| #define GDB_PATH "/usr/bin/gdb"
| #define VG_TMPDIR "/tmp"
| #define HAVE_STDIO_H 1
| #define HAVE_STDLIB_H 1
| #define HAVE_STRING_H 1
| #define HAVE_INTTYPES_H 1
| #define HAVE_STDINT_H 1
| #define HAVE_STRINGS_H 1
| #define HAVE_SYS_STAT_H 1
| #define HAVE_SYS_TYPES_H 1
| #define HAVE_UNISTD_H 1
| #define HAVE_SYS_TIME_H 1
| #define HAVE_SYS_PARAM_H 1
| #define STDC_HEADERS 1
| #define HAVE_HEADER_FEATURES_H 1
| #define GLIBC_MANDATORY_STRLEN_REDIRECT 1
| #define GLIBC_MANDATORY_INDEX_AND_STRLEN_REDIRECT 1
| #define HAVE_PTRACE_GETREGS 1
| #define HAVE_CLOCK_MONOTONIC 1
| #define HAVE_ELF32_CHDR 1
| #define HAVE_ELF64_CHDR 1
| #define HAVE_PTHREAD_RWLOCK_T 1
| #define HAVE_CLOCKID_T 1
| #define HAVE_PTHREAD_MUTEX_ADAPTIVE_NP 1
| #define HAVE_PTHREAD_MUTEX_ERRORCHECK_NP 1
| #define HAVE_PTHREAD_MUTEX_RECURSIVE_NP 1
| #define HAVE_PTHREAD_RECURSIVE_MUTEX_INITIALIZER_NP 1
| #define HAVE_PTHREAD_MUTEX_T__DATA__KIND 1
| #define HAVE_DLINFO_RTLD_DI_TLS_MODID 1
| #define HAVE_EVENTFD 1
| #define HAVE_EVENTFD_READ 1
| #define HAVE_SYS_USER_REGS 1
| /* end confdefs.h.  */
| 
| int
| main (void)
| {
| ;
|   ;
|   return 0;
| }
configure:12549: result: no
configure:12557: checking if gcc accepts -Wbuiltin-memcpy-chk-size
configure:12572: gcc -c -Wbuiltin-memcpy-chk-size -Werror  conftest.c >&5
gcc: error: unrecognized command-line option '-Wbuiltin-memcpy-chk-size'
configure:12572: $? = 1
configure: failed program was:
| /* confdefs.h */
| #define PACKAGE_NAME "Valgrind"
| #define PACKAGE_TARNAME "valgrind"
| #define PACKAGE_VERSION "3.26.0"
| #define PACKAGE_STRING "Valgrind 3.26.0"
| #define PACKAGE_BUGREPORT "valgrind-users@lists.sourceforge.net"
| #define PACKAGE_URL ""
| #define PACKAGE "valgrind"
| #define VERSION "3.26.0"
| #define GDB_PATH "/usr/bin/gdb"
| #define VG_TMPDIR "/tmp"
| #define HAVE_STDIO_H 1
| #define HAVE_STDLIB_H 1
| #define HAVE_STRING_H 1
| #define HAVE_INTTYPES_H 1
| #define HAVE_STDINT_H 1
| #define HAVE_STRINGS_H 1
| #define HAVE_SYS_STAT_H 1
| #define HAVE_SYS_TYPES_H 1
| #define HAVE_UNISTD_H 1
| #define HAVE_SYS_TIME_H 1
| #define HAVE_SYS_PARAM_H 1
| #define STDC_HEADERS 1
| #define HAVE_HEADER_FEATURES_H 1
| #define GLIBC_MANDATORY_STRLEN_REDIRECT 1
| #define GLIBC_MANDATORY_INDEX_AND_STRLEN_REDIRECT 1
| #define HAVE_PTRACE_GETREGS 1
| #define HAVE_CLOCK_MONOTONIC 1
| #define HAVE_ELF32_CHDR 1
| #define HAVE_ELF64_CHDR 1
| #define HAVE_PTHREAD_RWLOCK_T 1
| #define HAVE_CLOCKID_T 1
| #define HAVE_PTHREAD_MUTEX_ADAPTIVE_NP 1
| #define HAVE_PTHREAD_MUTEX_ERRORCHECK_NP 1
| #define HAVE_PTHREAD_MUTEX_RECURSIVE_NP 1
| #define HAVE_PTHREAD_RECURSIVE_MUTEX_INITIALIZER_NP 1
| #define HAVE_PTHREAD_MUTEX_T__DATA__KIND 1
| #define HAVE_DLINFO_RTLD_DI_TLS_MODID 1
| #define HAVE_EVENTFD 1
| #define HAVE_EVENTFD_READ 1
| #define HAVE_SYS_USER_REGS 1
| /* end confdefs.h.  */
| 
| int
| main (void)
| {
| ;
|   ;
|   return 0;
| }
configure:12582: result: no
configure:12590: checking if gcc accepts -Wincompatible-pointer-types-discards-qualifiers
configure:12605: gcc -c -Wincompatible-pointer-types-discards-qualifiers -Werror  conftest.c >&5
gcc: error: unrecognized command-line option '-Wincompatible-pointer-types-discards-qualifiers'
configure:12605: $? = 1
configure: failed program was:
| /* confdefs.h */
| #define PACKAGE_NAME "Valgrind"
| #define PACKAGE_TARNAME "valgrind"
| #define PACKAGE_VERSION "3.26.0"
| #define PACKAGE_STRING "Valgrind 3.26.0"
| #define PACKAGE_BUGREPORT "valgrind-users@lists.sourceforge.net"
| #define PACKAGE_URL ""
| #define PACKAGE "valgrind"
| #define VERSION "3.26.0"
| #define GDB_PATH "/usr/bin/gdb"
| #define VG_TMPDIR "/tmp"
| #define HAVE_STDIO_H 1
| #define HAVE_STDLIB_H 1
| #define HAVE_STRING_H 1
| #define HAVE_INTTYPES_H 1
| #define HAVE_STDINT_H 1
| #define HAVE_STRINGS_H 1
| #define HAVE_SYS_STAT_H 1
| #define HAVE_SYS_TYPES_H 1
| #define HAVE_UNISTD_H 1
| #define HAVE_SYS_TIME_H 1
| #define HAVE_SYS_PARAM_H 1
| #define STDC_HEADERS 1
| #define HAVE_HEADER_FEATURES_H 1
| #define GLIBC_MANDATORY_STRLEN_REDIRECT 1
| #define GLIBC_MANDATORY_INDEX_AND_STRLEN_REDIRECT 1
| #define HAVE_PTRACE_GETREGS 1
| #define HAVE_CLOCK_MONOTONIC 1
| #define HAVE_ELF32_CHDR 1
| #define HAVE_ELF64_CHDR 1
| #define HAVE_PTHREAD_RWLOCK_T 1
| #define HAVE_CLOCKID_T 1
| #define HAVE_PTHREAD_MUTEX_ADAPTIVE_NP 1
| #define HAVE_PTHREAD_MUTEX_ERRORCHECK_NP 1
| #define HAVE_PTHREAD_MUTEX_RECURSIVE_NP 1
| #define HAVE_PTHREAD_RECURSIVE_MUTEX_INITIALIZER_NP 1
| #define HAVE_PTHREAD_MUTEX_T__DATA__KIND 1
| #define HAVE_DLINFO_RTLD_DI_TLS_MODID 1
| #define HAVE_EVENTFD 1
| #define HAVE_EVENTFD_READ 1
| #define HAVE_SYS_USER_REGS 1
| /* end confdefs.h.  */
| 
| int
| main (void)
| {
| ;
|   ;
|   return 0;
| }
configure:12615: result: no
configure:12623: checking if gcc accepts -Wsuspicious-bzero
configure:12638: gcc -c -Wsuspicious-bzero -Werror  conftest.c >&5
gcc: error: unrecognized command-line option '-Wsuspicious-bzero'
configure:12638: $? = 1
configure: failed program was:
| /* confdefs.h */
| #define PACKAGE_NAME "Valgrind"
| #define PACKAGE_TARNAME "valgrind"
| #define PACKAGE_VERSION "3.26.0"
| #define PACKAGE_STRING "Valgrind 3.26.0"
| #define PACKAGE_BUGREPORT "valgrind-users@lists.sourceforge.net"
| #define PACKAGE_URL ""
| #define PACKAGE "valgrind"
| #define VERSION "3.26.0"
| #define GDB_PATH "/usr/bin/gdb"
| #define VG_TMPDIR "/tmp"
| #define HAVE_STDIO_H 1
| #define HAVE_STDLIB_H 1
| #define HAVE_STRING_H 1
| #define HAVE_INTTYPES_H 1
| #define HAVE_STDINT_H 1
| #define HAVE_STRINGS_H 1
| #define HAVE_SYS_STAT_H 1
| #define HAVE_SYS_TYPES_H 1
| #define HAVE_UNISTD_H 1
| #define HAVE_SYS_TIME_H 1
| #define HAVE_SYS_PARAM_H 1
| #define STDC_HEADERS 1
| #define HAVE_HEADER_FEATURES_H 1
| #define GLIBC_MANDATORY_STRLEN_REDIRECT 1
| #define GLIBC_MANDATORY_INDEX_AND_STRLEN_REDIRECT 1
| #define HAVE_PTRACE_GETREGS 1
| #define HAVE_CLOCK_MONOTONIC 1
| #define HAVE_ELF32_CHDR 1
| #define HAVE_ELF64_CHDR 1
| #define HAVE_PTHREAD_RWLOCK_T 1
| #define HAVE_CLOCKID_T 1
| #define HAVE_PTHREAD_MUTEX_ADAPTIVE_NP 1
| #define HAVE_PTHREAD_MUTEX_ERRORCHECK_NP 1
| #define HAVE_PTHREAD_MUTEX_RECURSIVE_NP 1
| #define HAVE_PTHREAD_RECURSIVE_MUTEX_INITIALIZER_NP 1
| #define HAVE_PTHREAD_MUTEX_T__DATA__KIND 1
| #define HAVE_DLINFO_RTLD_DI_TLS_MODID 1
| #define HAVE_EVENTFD 1
| #define HAVE_EVENTFD_READ 1
| #define HAVE_SYS_USER_REGS 1
| /* end confdefs.h.  */
| 
| int
| main (void)
| {
| ;
|   ;
|   return 0;
| }
configure:12648: result: no
configure:12656: checking if gcc accepts -Wattributes
configure:12671: gcc -c -Wattributes -Werror  conftest.c >&5
configure:12671: $? = 0
configure:12676: result: yes
configure:12689: checking if gcc accepts -Wunused-result
configure:12704: gcc -c -Wunused-result -Werror  conftest.c >&5
configure:12704: $? = 0
configure:12709: result: yes
configure:12722: checking if gcc accepts -Winfinite-recursion
configure:12737: gcc -c -Winfinite-recursion -Werror  conftest.c >&5
gcc: error: unrecognized command-line option '-Winfinite-recursion'
configure:12737: $? = 1
configure: failed program was:
| /* confdefs.h */
| #define PACKAGE_NAME "Valgrind"
| #define PACKAGE_TARNAME "valgrind"
| #define PACKAGE_VERSION "3.26.0"
| #define PACKAGE_STRING "Valgrind 3.26.0"
| #define PACKAGE_BUGREPORT "valgrind-users@lists.sourceforge.net"
| #define PACKAGE_URL ""
| #define PACKAGE "valgrind"
| #define VERSION "3.26.0"
| #define GDB_PATH "/usr/bin/gdb"
| #define VG_TMPDIR "/tmp"
| #define HAVE_STDIO_H 1
| #define HAVE_STDLIB_H 1
| #define HAVE_STRING_H 1
| #define HAVE_INTTYPES_H 1
| #define HAVE_STDINT_H 1
| #define HAVE_STRINGS_H 1
| #define HAVE_SYS_STAT_H 1
| #define HAVE_SYS_TYPES_H 1
| #define HAVE_UNISTD_H 1
| #define HAVE_SYS_TIME_H 1
| #define HAVE_SYS_PARAM_H 1
| #define STDC_HEADERS 1
| #define HAVE_HEADER_FEATURES_H 1
| #define GLIBC_MANDATORY_STRLEN_REDIRECT 1
| #define GLIBC_MANDATORY_INDEX_AND_STRLEN_REDIRECT 1
| #define HAVE_PTRACE_GETREGS 1
| #define HAVE_CLOCK_MONOTONIC 1
| #define HAVE_ELF32_CHDR 1
| #define HAVE_ELF64_CHDR 1
| #define HAVE_PTHREAD_RWLOCK_T 1
| #define HAVE_CLOCKID_T 1
| #define HAVE_PTHREAD_MUTEX_ADAPTIVE_NP 1
| #define HAVE_PTHREAD_MUTEX_ERRORCHECK_NP 1
| #define HAVE_PTHREAD_MUTEX_RECURSIVE_NP 1
| #define HAVE_PTHREAD_RECURSIVE_MUTEX_INITIALIZER_NP 1
| #define HAVE_PTHREAD_MUTEX_T__DATA__KIND 1
| #define HAVE_DLINFO_RTLD_DI_TLS_MODID 1
| #define HAVE_EVENTFD 1
| #define HAVE_EVENTFD_READ 1
| #define HAVE_SYS_USER_REGS 1
| /* end confdefs.h.  */
| 
| int
| main (void)
| {
| ;
|   ;
|   return 0;
| }
configure:12747: result: no
configure:12755: checking if gcc accepts -Wdeprecated
configure:12770: gcc -c -Wdeprecated -Werror  conftest.c >&5
configure:12770: $? = 0
configure:12775: result: yes
configure:12789: checking if gcc accepts -Walloc-size-larger-than=18446744073709551615
configure:12804: gcc -c -Walloc-size-larger-than=18446744073709551615 -Werror  conftest.c >&5
configure:12804: $? = 0
configure:12809: result: yes
configure:12822: checking if gcc accepts -Walloc-size
configure:12837: gcc -c -Walloc-size -Werror  conftest.c >&5
gcc: error: unrecognized command-line option '-Walloc-size'
configure:12837: $? = 1
configure: failed program was:
| /* confdefs.h */
| #define PACKAGE_NAME "Valgrind"
| #define PACKAGE_TARNAME "valgrind"
| #define PACKAGE_VERSION "3.26.0"
| #define PACKAGE_STRING "Valgrind 3.26.0"
| #define PACKAGE_BUGREPORT "valgrind-users@lists.sourceforge.net"
| #define PACKAGE_URL ""
| #define PACKAGE "valgrind"
| #define VERSION "3.26.0"
| #define GDB_PATH "/usr/bin/gdb"
| #define VG_TMPDIR "/tmp"
| #define HAVE_STDIO_H 1
| #define HAVE_STDLIB_H 1
| #define HAVE_STRING_H 1
| #define HAVE_INTTYPES_H 1
| #define HAVE_STDINT_H 1
| #define HAVE_STRINGS_H 1
| #define HAVE_SYS_STAT_H 1
| #define HAVE_SYS_TYPES_H 1
| #define HAVE_UNISTD_H 1
| #define HAVE_SYS_TIME_H 1
| #define HAVE_SYS_PARAM_H 1
| #define STDC_HEADERS 1
| #define HAVE_HEADER_FEATURES_H 1
| #define GLIBC_MANDATORY_STRLEN_REDIRECT 1
| #define GLIBC_MANDATORY_INDEX_AND_STRLEN_REDIRECT 1
| #define HAVE_PTRACE_GETREGS 1
| #define HAVE_CLOCK_MONOTONIC 1
| #define HAVE_ELF32_CHDR 1
| #define HAVE_ELF64_CHDR 1
| #define HAVE_PTHREAD_RWLOCK_T 1
| #define HAVE_CLOCKID_T 1
| #define HAVE_PTHREAD_MUTEX_ADAPTIVE_NP 1
| #define HAVE_PTHREAD_MUTEX_ERRORCHECK_NP 1
| #define HAVE_PTHREAD_MUTEX_RECURSIVE_NP 1
| #define HAVE_PTHREAD_RECURSIVE_MUTEX_INITIALIZER_NP 1
| #define HAVE_PTHREAD_MUTEX_T__DATA__KIND 1
| #define HAVE_DLINFO_RTLD_DI_TLS_MODID 1
| #define HAVE_EVENTFD 1
| #define HAVE_EVENTFD_READ 1
| #define HAVE_SYS_USER_REGS 1
| /* end confdefs.h.  */
| 
| int
| main (void)
| {
| ;
|   ;
|   return 0;
| }
configure:12847: result: no
configure:12856: checking if gcc accepts -Wwrite-strings
configure:12871: gcc -c -Wwrite-strings -Werror  conftest.c >&5
configure:12871: $? = 0
configure:12876: result: yes
configure:12889: checking if gcc accepts -Wempty-body
configure:12904: gcc -c -Wempty-body -Werror  conftest.c >&5
configure:12904: $? = 0
configure:12909: result: yes
configure:12922: checking if gcc accepts -Wformat
configure:12937: gcc -c -Wformat -Werror  conftest.c >&5
configure:12937: $? = 0
configure:12942: result: yes
configure:12955: checking if gcc accepts -Wformat-signedness
configure:12970: gcc -c -Wformat-signedness -Werror  conftest.c >&5
configure:12970: $? = 0
configure:12975: result: yes
configure:12988: checking if gcc accepts -Wcast-qual
configure:13003: gcc -c -Wcast-qual -Werror  conftest.c >&5
configure:13003: $? = 0
configure:13008: result: yes
configure:13021: checking if gcc accepts -Wold-style-declaration
configure:13036: gcc -c -Wold-style-declaration -Werror  conftest.c >&5
configure:13036: $? = 0
configure:13041: result: yes
configure:13054: checking if gcc accepts -Wignored-qualifiers
configure:13069: gcc -c -Wignored-qualifiers -Werror  conftest.c >&5
configure:13069: $? = 0
configure:13074: result: yes
configure:13087: checking if gcc accepts -Wmissing-parameter-type
configure:13102: gcc -c -Wmissing-parameter-type -Werror  conftest.c >&5
configure:13102: $? = 0
configure:13107: result: yes
configure:13120: checking if gcc accepts -Wlogical-op
configure:13135: gcc -c -Wlogical-op -Werror  conftest.c >&5
configure:13135: $? = 0
configure:13140: result: yes
configure:13153: checking if gcc accepts -Wenum-conversion
configure:13168: gcc -c -Wenum-conversion -Werror  conftest.c >&5
configure:13168: $? = 0
configure:13173: result: yes
configure:13186: checking if gcc accepts -Wimplicit-fallthrough=2
configure:13201: gcc -c -Wimplicit-fallthrough=2 -Werror  conftest.c >&5
configure:13201: $? = 0
configure:13206: result: yes
configure:13223: checking if g++ accepts -Wmissing-exception-spec
configure:13244: g++ -c -Wmissing-exception-spec -Werror  conftest.cpp >&5
g++: error: unrecognized command-line option '-Wmissing-exception-spec'
configure:13244: $? = 1
configure: failed program was:
| /* confdefs.h */
| #define PACKAGE_NAME "Valgrind"
| #define PACKAGE_TARNAME "valgrind"
| #define PACKAGE_VERSION "3.26.0"
| #define PACKAGE_STRING "Valgrind 3.26.0"
| #define PACKAGE_BUGREPORT "valgrind-users@lists.sourceforge.net"
| #define PACKAGE_URL ""
| #define PACKAGE "valgrind"
| #define VERSION "3.26.0"
| #define GDB_PATH "/usr/bin/gdb"
| #define VG_TMPDIR "/tmp"
| #define HAVE_STDIO_H 1
| #define HAVE_STDLIB_H 1
| #define HAVE_STRING_H 1
| #define HAVE_INTTYPES_H 1
| #define HAVE_STDINT_H 1
| #define HAVE_STRINGS_H 1
| #define HAVE_SYS_STAT_H 1
| #define HAVE_SYS_TYPES_H 1
| #define HAVE_UNISTD_H 1
| #define HAVE_SYS_TIME_H 1
| #define HAVE_SYS_PARAM_H 1
| #define STDC_HEADERS 1
| #define HAVE_HEADER_FEATURES_H 1
| #define GLIBC_MANDATORY_STRLEN_REDIRECT 1
| #define GLIBC_MANDATORY_INDEX_AND_STRLEN_REDIRECT 1
| #define HAVE_PTRACE_GETREGS 1
| #define HAVE_CLOCK_MONOTONIC 1
| #define HAVE_ELF32_CHDR 1
| #define HAVE_ELF64_CHDR 1
| #define HAVE_PTHREAD_RWLOCK_T 1
| #define HAVE_CLOCKID_T 1
| #define HAVE_PTHREAD_MUTEX_ADAPTIVE_NP 1
| #define HAVE_PTHREAD_MUTEX_ERRORCHECK_NP 1
| #define HAVE_PTHREAD_MUTEX_RECURSIVE_NP 1
| #define HAVE_PTHREAD_RECURSIVE_MUTEX_INITIALIZER_NP 1
| #define HAVE_PTHREAD_MUTEX_T__DATA__KIND 1
| #define HAVE_DLINFO_RTLD_DI_TLS_MODID 1
| #define HAVE_EVENTFD 1
| #define HAVE_EVENTFD_READ 1
| #define HAVE_SYS_USER_REGS 1
| /* end confdefs.h.  */
| 
| int
| main (void)
| {
| ;
|   ;
|   return 0;
| }
configure:13260: result: no
configure:13268: checking if g++ accepts -Wimplicit-exception-spec-mismatch
configure:13289: g++ -c -Wimplicit-exception-spec-mismatch -Werror  conftest.cpp >&5
g++: error: unrecognized command-line option '-Wimplicit-exception-spec-mismatch'
configure:13289: $? = 1
configure: failed program was:
| /* confdefs.h */
| #define PACKAGE_NAME "Valgrind"
| #define PACKAGE_TARNAME "valgrind"
| #define PACKAGE_VERSION "3.26.0"
| #define PACKAGE_STRING "Valgrind 3.26.0"
| #define PACKAGE_BUGREPORT "valgrind-users@lists.sourceforge.net"
| #define PACKAGE_URL ""
| #define PACKAGE "valgrind"
| #define VERSION "3.26.0"
| #define GDB_PATH "/usr/bin/gdb"
| #define VG_TMPDIR "/tmp"
| #define HAVE_STDIO_H 1
| #define HAVE_STDLIB_H 1
| #define HAVE_STRING_H 1
| #define HAVE_INTTYPES_H 1
| #define HAVE_STDINT_H 1
| #define HAVE_STRINGS_H 1
| #define HAVE_SYS_STAT_H 1
| #define HAVE_SYS_TYPES_H 1
| #define HAVE_UNISTD_H 1
| #define HAVE_SYS_TIME_H 1
| #define HAVE_SYS_PARAM_H 1
| #define STDC_HEADERS 1
| #define HAVE_HEADER_FEATURES_H 1
| #define GLIBC_MANDATORY_STRLEN_REDIRECT 1
| #define GLIBC_MANDATORY_INDEX_AND_STRLEN_REDIRECT 1
| #define HAVE_PTRACE_GETREGS 1
| #define HAVE_CLOCK_MONOTONIC 1
| #define HAVE_ELF32_CHDR 1
| #define HAVE_ELF64_CHDR 1
| #define HAVE_PTHREAD_RWLOCK_T 1
| #define HAVE_CLOCKID_T 1
| #define HAVE_PTHREAD_MUTEX_ADAPTIVE_NP 1
| #define HAVE_PTHREAD_MUTEX_ERRORCHECK_NP 1
| #define HAVE_PTHREAD_MUTEX_RECURSIVE_NP 1
| #define HAVE_PTHREAD_RECURSIVE_MUTEX_INITIALIZER_NP 1
| #define HAVE_PTHREAD_MUTEX_T__DATA__KIND 1
| #define HAVE_DLINFO_RTLD_DI_TLS_MODID 1
| #define HAVE_EVENTFD 1
| #define HAVE_EVENTFD_READ 1
| #define HAVE_SYS_USER_REGS 1
| /* end confdefs.h.  */
| 
| int
| main (void)
| {
| ;
|   ;
|   return 0;
| }
configure:13305: result: no
configure:13319: checking if gcc accepts -Wformat-security
configure:13334: g++ -c   conftest.cpp >&5
configure:13334: $? = 0
configure:13339: result: yes
configure:13353: checking if gcc accepts -Wextra or -W
configure:13372: g++ -c   conftest.cpp >&5
configure:13372: $? = 0
configure:13377: result: -Wextra
configure:13431: checking if g++ accepts -faligned-new
configure:13456: g++ -c -faligned-new -Werror  conftest.cpp >&5
configure:13456: $? = 0
configure:13460: result: yes
configure:13483: checking if g++ accepts -fsized-deallocation
configure:13508: g++ -c -fsized-deallocation -Werror  conftest.cpp >&5
configure:13508: $? = 0
configure:13513: result: yes
configure:13545: checking if g++ supports aligned new and delete
configure:13573: g++ -c -std=c++17  conftest.cpp >&5
configure:13573: $? = 0
configure:13577: result: yes
configure:13607: checking if gcc accepts -fno-stack-protector
configure:13626: gcc -c -fno-stack-protector -Werror  conftest.c >&5
configure:13626: $? = 0
configure:13631: result: yes
configure:13649: checking if gcc accepts -finline-functions
configure:13668: gcc -c -finline-functions -Werror  conftest.c >&5
configure:13668: $? = 0
configure:13673: result: yes
configure:13697: checking if gcc accepts -fno-ipa-icf
configure:13716: gcc -c -fno-ipa-icf -Werror  conftest.c >&5
configure:13716: $? = 0
configure:13721: result: yes
configure:13818: checking if gcc accepts --param inline-unit-growth
configure:13837: gcc -c --param inline-unit-growth=900 -Werror  conftest.c >&5
configure:13837: $? = 0
configure:13842: result: yes
configure:13860: checking if gcc accepts -gdwarf-4 -fdebug-types-section
configure:13879: gcc -c -gdwarf-4 -fdebug-types-section -Werror  conftest.c >&5
configure:13879: $? = 0
configure:13883: result: yes
configure:13908: checking if gcc accepts -g -gz=zlib
configure:13927: gcc -o conftest -g -gz=zlib   conftest.c  >&5
configure:13927: $? = 0
configure:13931: result: yes
configure:13957: checking if gcc accepts -g -gz=zlib-gnu
configure:13976: gcc -o conftest -g -gz=zlib-gnu   conftest.c  >&5
configure:13976: $? = 0
configure:13980: result: yes
configure:14006: checking if gcc accepts -g -gz=zstd
configure:14025: gcc -o conftest -g -gz=zstd   conftest.c  >&5
gcc: error: unrecognized argument in option '-gz=zstd'
gcc: note: valid arguments to '-gz=' are: none zlib zlib-gnu
configure:14025: $? = 1
configure: failed program was:
| /* confdefs.h */
| #define PACKAGE_NAME "Valgrind"
| #define PACKAGE_TARNAME "valgrind"
| #define PACKAGE_VERSION "3.26.0"
| #define PACKAGE_STRING "Valgrind 3.26.0"
| #define PACKAGE_BUGREPORT "valgrind-users@lists.sourceforge.net"
| #define PACKAGE_URL ""
| #define PACKAGE "valgrind"
| #define VERSION "3.26.0"
| #define GDB_PATH "/usr/bin/gdb"
| #define VG_TMPDIR "/tmp"
| #define HAVE_STDIO_H 1
| #define HAVE_STDLIB_H 1
| #define HAVE_STRING_H 1
| #define HAVE_INTTYPES_H 1
| #define HAVE_STDINT_H 1
| #define HAVE_STRINGS_H 1
| #define HAVE_SYS_STAT_H 1
| #define HAVE_SYS_TYPES_H 1
| #define HAVE_UNISTD_H 1
| #define HAVE_SYS_TIME_H 1
| #define HAVE_SYS_PARAM_H 1
| #define STDC_HEADERS 1
| #define HAVE_HEADER_FEATURES_H 1
| #define GLIBC_MANDATORY_STRLEN_REDIRECT 1
| #define GLIBC_MANDATORY_INDEX_AND_STRLEN_REDIRECT 1
| #define HAVE_PTRACE_GETREGS 1
| #define HAVE_CLOCK_MONOTONIC 1
| #define HAVE_ELF32_CHDR 1
| #define HAVE_ELF64_CHDR 1
| #define HAVE_PTHREAD_RWLOCK_T 1
| #define HAVE_CLOCKID_T 1
| #define HAVE_PTHREAD_MUTEX_ADAPTIVE_NP 1
| #define HAVE_PTHREAD_MUTEX_ERRORCHECK_NP 1
| #define HAVE_PTHREAD_MUTEX_RECURSIVE_NP 1
| #define HAVE_PTHREAD_RECURSIVE_MUTEX_INITIALIZER_NP 1
| #define HAVE_PTHREAD_MUTEX_T__DATA__KIND 1
| #define HAVE_DLINFO_RTLD_DI_TLS_MODID 1
| #define HAVE_EVENTFD 1
| #define HAVE_EVENTFD_READ 1
| #define HAVE_SYS_USER_REGS 1
| /* end confdefs.h.  */
| 
| int
| main (void)
| {
| 
|   return 0;
| 
|   ;
|   return 0;
| }
configure:14035: result: no
configure:14055: checking if gcc accepts nested functions
configure:14072: gcc -c   conftest.c >&5
configure:14072: $? = 0
configure:14076: result: yes
configure:14100: checking if gcc accepts the 'p' constraint in asm statements
configure:14117: gcc -c   conftest.c >&5
configure:14117: $? = 0
configure:14121: result: yes
configure:14147: checking if gcc accepts -pie
configure:14166: gcc -o conftest -pie   conftest.c  >&5
configure:14166: $? = 0
configure:14171: result: yes
configure:14187: checking if gcc accepts -ansi
configure:14206: gcc -c -ansi  conftest.c >&5
configure:14206: $? = 0
configure:14210: result: yes
configure:14239: checking if gcc accepts -no-pie
configure:14258: gcc -c -no-pie -Werror  conftest.c >&5
configure:14258: $? = 0
configure:14263: result: yes
configure:14301: checking if the linker accepts -Wl,--image-base
configure:14310: gcc -o conftest -static -nodefaultlibs -nostartfiles -Wl,--image-base=0x58000000 -Werror   conftest.c  >&5
/usr/bin/ld: unrecognized option '--image-base=0x58000000'
/usr/bin/ld: use the --help option for usage information
collect2: error: ld returned 1 exit status
configure:14310: $? = 1
configure: failed program was:
| /* confdefs.h */
| #define PACKAGE_NAME "Valgrind"
| #define PACKAGE_TARNAME "valgrind"
| #define PACKAGE_VERSION "3.26.0"
| #define PACKAGE_STRING "Valgrind 3.26.0"
| #define PACKAGE_BUGREPORT "valgrind-users@lists.sourceforge.net"
| #define PACKAGE_URL ""
| #define PACKAGE "valgrind"
| #define VERSION "3.26.0"
| #define GDB_PATH "/usr/bin/gdb"
| #define VG_TMPDIR "/tmp"
| #define HAVE_STDIO_H 1
| #define HAVE_STDLIB_H 1
| #define HAVE_STRING_H 1
| #define HAVE_INTTYPES_H 1
| #define HAVE_STDINT_H 1
| #define HAVE_STRINGS_H 1
| #define HAVE_SYS_STAT_H 1
| #define HAVE_SYS_TYPES_H 1
| #define HAVE_UNISTD_H 1
| #define HAVE_SYS_TIME_H 1
| #define HAVE_SYS_PARAM_H 1
| #define STDC_HEADERS 1
| #define HAVE_HEADER_FEATURES_H 1
| #define GLIBC_MANDATORY_STRLEN_REDIRECT 1
| #define GLIBC_MANDATORY_INDEX_AND_STRLEN_REDIRECT 1
| #define HAVE_PTRACE_GETREGS 1
| #define HAVE_CLOCK_MONOTONIC 1
| #define HAVE_ELF32_CHDR 1
| #define HAVE_ELF64_CHDR 1
| #define HAVE_PTHREAD_RWLOCK_T 1
| #define HAVE_CLOCKID_T 1
| #define HAVE_PTHREAD_MUTEX_ADAPTIVE_NP 1
| #define HAVE_PTHREAD_MUTEX_ERRORCHECK_NP 1
| #define HAVE_PTHREAD_MUTEX_RECURSIVE_NP 1
| #define HAVE_PTHREAD_RECURSIVE_MUTEX_INITIALIZER_NP 1
| #define HAVE_PTHREAD_MUTEX_T__DATA__KIND 1
| #define HAVE_DLINFO_RTLD_DI_TLS_MODID 1
| #define HAVE_EVENTFD 1
| #define HAVE_EVENTFD_READ 1
| #define HAVE_SYS_USER_REGS 1
| /* end confdefs.h.  */
| int _start () { return 0; }
configure:14321: result: no
configure:14324: checking if the linker accepts -Wl,-Ttext-segment
configure:14333: gcc -o conftest -static -nodefaultlibs -nostartfiles -Wl,-Ttext-segment=0x58000000 -Werror   conftest.c  >&5
configure:14333: $? = 0
configure:14339: result: yes
configure:14411: ld --image-base or -Ttext-segment used, no need to strip build-id NOTEs.
configure:14461: checking if the linker accepts -Wl,--no-warn-execstack
configure:14477: gcc -o conftest -Wl,--no-warn-execstack   conftest.c  >&5
/usr/bin/ld: unrecognized option '--no-warn-execstack'
/usr/bin/ld: use the --help option for usage information
collect2: error: ld returned 1 exit status
configure:14477: $? = 1
configure: failed program was:
| /* confdefs.h */
| #define PACKAGE_NAME "Valgrind"
| #define PACKAGE_TARNAME "valgrind"
| #define PACKAGE_VERSION "3.26.0"
| #define PACKAGE_STRING "Valgrind 3.26.0"
| #define PACKAGE_BUGREPORT "valgrind-users@lists.sourceforge.net"
| #define PACKAGE_URL ""
| #define PACKAGE "valgrind"
| #define VERSION "3.26.0"
| #define GDB_PATH "/usr/bin/gdb"
| #define VG_TMPDIR "/tmp"
| #define HAVE_STDIO_H 1
| #define HAVE_STDLIB_H 1
| #define HAVE_STRING_H 1
| #define HAVE_INTTYPES_H 1
| #define HAVE_STDINT_H 1
| #define HAVE_STRINGS_H 1
| #define HAVE_SYS_STAT_H 1
| #define HAVE_SYS_TYPES_H 1
| #define HAVE_UNISTD_H 1
| #define HAVE_SYS_TIME_H 1
| #define HAVE_SYS_PARAM_H 1
| #define STDC_HEADERS 1
| #define HAVE_HEADER_FEATURES_H 1
| #define GLIBC_MANDATORY_STRLEN_REDIRECT 1
| #define GLIBC_MANDATORY_INDEX_AND_STRLEN_REDIRECT 1
| #define HAVE_PTRACE_GETREGS 1
| #define HAVE_CLOCK_MONOTONIC 1
| #define HAVE_ELF32_CHDR 1
| #define HAVE_ELF64_CHDR 1
| #define HAVE_PTHREAD_RWLOCK_T 1
| #define HAVE_CLOCKID_T 1
| #define HAVE_PTHREAD_MUTEX_ADAPTIVE_NP 1
| #define HAVE_PTHREAD_MUTEX_ERRORCHECK_NP 1
| #define HAVE_PTHREAD_MUTEX_RECURSIVE_NP 1
| #define HAVE_PTHREAD_RECURSIVE_MUTEX_INITIALIZER_NP 1
| #define HAVE_PTHREAD_MUTEX_T__DATA__KIND 1
| #define HAVE_DLINFO_RTLD_DI_TLS_MODID 1
| #define HAVE_EVENTFD 1
| #define HAVE_EVENTFD_READ 1
| #define HAVE_SYS_USER_REGS 1
| /* end confdefs.h.  */
| 
| int
| main (void)
| {
| return 0;
|   ;
|   return 0;
| }
configure:14489: result: no
configure:14499: checking if ppc32/64 as supports mtocrf/mfocrf
configure:14516: gcc -c   conftest.c >&5
conftest.c: Assembler messages:
conftest.c:48: Error: no such instruction: `mtocrf 4,0'
conftest.c:49: Error: no such instruction: `mfocrf 0,4'
configure:14516: $? = 1
configure: failed program was:
| /* confdefs.h */
| #define PACKAGE_NAME "Valgrind"
| #define PACKAGE_TARNAME "valgrind"
| #define PACKAGE_VERSION "3.26.0"
| #define PACKAGE_STRING "Valgrind 3.26.0"
| #define PACKAGE_BUGREPORT "valgrind-users@lists.sourceforge.net"
| #define PACKAGE_URL ""
| #define PACKAGE "valgrind"
| #define VERSION "3.26.0"
| #define GDB_PATH "/usr/bin/gdb"
| #define VG_TMPDIR "/tmp"
| #define HAVE_STDIO_H 1
| #define HAVE_STDLIB_H 1
| #define HAVE_STRING_H 1
| #define HAVE_INTTYPES_H 1
| #define HAVE_STDINT_H 1
| #define HAVE_STRINGS_H 1
| #define HAVE_SYS_STAT_H 1
| #define HAVE_SYS_TYPES_H 1
| #define HAVE_UNISTD_H 1
| #define HAVE_SYS_TIME_H 1
| #define HAVE_SYS_PARAM_H 1
| #define STDC_HEADERS 1
| #define HAVE_HEADER_FEATURES_H 1
| #define GLIBC_MANDATORY_STRLEN_REDIRECT 1
| #define GLIBC_MANDATORY_INDEX_AND_STRLEN_REDIRECT 1
| #define HAVE_PTRACE_GETREGS 1
| #define HAVE_CLOCK_MONOTONIC 1
| #define HAVE_ELF32_CHDR 1
| #define HAVE_ELF64_CHDR 1
| #define HAVE_PTHREAD_RWLOCK_T 1
| #define HAVE_CLOCKID_T 1
| #define HAVE_PTHREAD_MUTEX_ADAPTIVE_NP 1
| #define HAVE_PTHREAD_MUTEX_ERRORCHECK_NP 1
| #define HAVE_PTHREAD_MUTEX_RECURSIVE_NP 1
| #define HAVE_PTHREAD_RECURSIVE_MUTEX_INITIALIZER_NP 1
| #define HAVE_PTHREAD_MUTEX_T__DATA__KIND 1
| #define HAVE_DLINFO_RTLD_DI_TLS_MODID 1
| #define HAVE_EVENTFD 1
| #define HAVE_EVENTFD_READ 1
| #define HAVE_SYS_USER_REGS 1
| /* end confdefs.h.  */
| 
| int
| main (void)
| {
| 
| __asm__ __volatile__("mtocrf 4,0");
| __asm__ __volatile__("mfocrf 0,4");
| 
|   ;
|   return 0;
| }
configure:14526: result: no
configure:14540: checking if ppc32/64 asm supports phased out floating point instructions
configure:14562: gcc -c   conftest.c >&5
conftest.c: Assembler messages:
conftest.c:53: Error: no such instruction: `lfdp 10,-64(%rbp)'
configure:14562: $? = 1
configure: failed program was:
| /* confdefs.h */
| #define PACKAGE_NAME "Valgrind"
| #define PACKAGE_TARNAME "valgrind"
| #define PACKAGE_VERSION "3.26.0"
| #define PACKAGE_STRING "Valgrind 3.26.0"
| #define PACKAGE_BUGREPORT "valgrind-users@lists.sourceforge.net"
| #define PACKAGE_URL ""
| #define PACKAGE "valgrind"
| #define VERSION "3.26.0"
| #define GDB_PATH "/usr/bin/gdb"
| #define VG_TMPDIR "/tmp"
| #define HAVE_STDIO_H 1
| #define HAVE_STDLIB_H 1
| #define HAVE_STRING_H 1
| #define HAVE_INTTYPES_H 1
| #define HAVE_STDINT_H 1
| #define HAVE_STRINGS_H 1
| #define HAVE_SYS_STAT_H 1
| #define HAVE_SYS_TYPES_H 1
| #define HAVE_UNISTD_H 1
| #define HAVE_SYS_TIME_H 1
| #define HAVE_SYS_PARAM_H 1
| #define STDC_HEADERS 1
| #define HAVE_HEADER_FEATURES_H 1
| #define GLIBC_MANDATORY_STRLEN_REDIRECT 1
| #define GLIBC_MANDATORY_INDEX_AND_STRLEN_REDIRECT 1
| #define HAVE_PTRACE_GETREGS 1
| #define HAVE_CLOCK_MONOTONIC 1
| #define HAVE_ELF32_CHDR 1
| #define HAVE_ELF64_CHDR 1
| #define HAVE_PTHREAD_RWLOCK_T 1
| #define HAVE_CLOCKID_T 1
| #define HAVE_PTHREAD_MUTEX_ADAPTIVE_NP 1
| #define HAVE_PTHREAD_MUTEX_ERRORCHECK_NP 1
| #define HAVE_PTHREAD_MUTEX_RECURSIVE_NP 1
| #define HAVE_PTHREAD_RECURSIVE_MUTEX_INITIALIZER_NP 1
| #define HAVE_PTHREAD_MUTEX_T__DATA__KIND 1
| #define HAVE_DLINFO_RTLD_DI_TLS_MODID 1
| #define HAVE_EVENTFD 1
| #define HAVE_EVENTFD_READ 1
| #define HAVE_SYS_USER_REGS 1
| /* end confdefs.h.  */
| 
| int
| main (void)
| {
| 
|   do { typedef struct {
|       double hi;
|       double lo;
|      } dbl_pair_t;
|      dbl_pair_t dbl_pair[3];
|      __asm__ volatile ("lfdp 10, %0"::"m" (dbl_pair[0]));
|    } while (0)
| 
|   ;
|   return 0;
| }
configure:14572: result: no
configure:14586: checking if amd64 assembler supports fxsave64/fxrstor64
configure:14604: gcc -c   conftest.c >&5
configure:14604: $? = 0
configure:14608: result: yes
configure:14629: checking if x86/amd64 assembler speaks SSE3
configure:14647: gcc -c   conftest.c >&5
configure:14647: $? = 0
configure:14651: result: yes
configure:14677: checking if x86/amd64 assembler speaks SSSE3
configure:14698: gcc -c  -msse -Werror  conftest.c >&5
configure:14698: $? = 0
configure:14702: result: yes
configure:14729: checking if x86/amd64 assembler supports 'pclmulqdq'
configure:14747: gcc -c   conftest.c >&5
configure:14747: $? = 0
configure:14751: result: yes
configure:14777: checking if x86/amd64 assembler supports 'vpclmulqdq'
configure:14800: gcc -c   conftest.c >&5
configure:14800: $? = 0
configure:14804: result: yes
configure:14830: checking if x86/amd64 assembler supports FMA4 'vfmaddpd'
configure:14848: gcc -c   conftest.c >&5
configure:14848: $? = 0
configure:14852: result: yes
configure:14878: checking if x86/amd64 assembler supports 'lzcnt'
configure:14896: gcc -c   conftest.c >&5
configure:14896: $? = 0
configure:14900: result: yes
configure:14926: checking if x86/amd64 assembler supports 'loopnel'
configure:14944: gcc -c   conftest.c >&5
configure:14944: $? = 0
configure:14948: result: yes
configure:14974: checking if x86/amd64 assembler supports 'addr32'
configure:14992: gcc -c   conftest.c >&5
configure:14992: $? = 0
configure:14996: result: yes
configure:15022: checking if x86/amd64 assembler speaks SSE4.2
configure:15045: gcc -c   conftest.c >&5
configure:15045: $? = 0
configure:15049: result: yes
configure:15075: checking if x86/amd64 assembler speaks AVX
configure:15096: gcc -c   conftest.c >&5
configure:15096: $? = 0
configure:15100: result: yes
configure:15126: checking if x86/amd64 assembler speaks AVX2
configure:15147: gcc -c   conftest.c >&5
configure:15147: $? = 0
configure:15151: result: yes
configure:15178: checking if x86/amd64 assembler speaks TSX
configure:15201: gcc -c   conftest.c >&5
configure:15201: $? = 0
configure:15205: result: yes
configure:15231: checking if x86/amd64 assembler speaks BMI1 and BMI2
configure:15253: gcc -c   conftest.c >&5
configure:15253: $? = 0
configure:15257: result: yes
configure:15283: checking if x86/amd64 assembler speaks FMA
configure:15306: gcc -c   conftest.c >&5
configure:15306: $? = 0
configure:15310: result: yes
configure:15336: checking if amd64 assembler knows the MPX instructions
configure:15359: gcc -c   conftest.c >&5
configure:15359: $? = 0
configure:15363: result: yes
configure:15389: checking if amd64 assembler knows the ADX instructions
configure:15407: gcc -c   conftest.c >&5
configure:15407: $? = 0
configure:15411: result: yes
configure:15437: checking if amd64 assembler knows the RDRAND instruction
configure:15457: gcc -c   conftest.c >&5
configure:15457: $? = 0
configure:15461: result: yes
configure:15486: checking if amd64 assembler knows the RDSEED instruction
configure:15506: gcc -c   conftest.c >&5
configure:15506: $? = 0
configure:15510: result: yes
configure:15536: checking if amd64 assembler knows the F16C instructions
configure:15557: gcc -c   conftest.c >&5
configure:15557: $? = 0
configure:15561: result: yes
configure:15587: checking if x86/amd64 assembler knows the MOVBE insn
configure:15606: gcc -c   conftest.c >&5
configure:15606: $? = 0
configure:15610: result: yes
configure:15636: checking if gcc supports the ifunc attribute
configure:15658: gcc -o conftest    conftest.c  >&5
configure:15658: $? = 0
configure:15662: result: yes
configure:15688: checking if gcc supports the armv8 crc feature flag
configure:15702: gcc -c  -march=armv8-a+crc -Werror  conftest.c >&5
cc1: error: bad value ('armv8-a+crc') for '-march=' switch
cc1: note: valid arguments to '-march=' switch are: nocona core2 nehalem corei7 westmere sandybridge corei7-avx ivybridge core-avx-i haswell core-avx2 broadwell skylake skylake-avx512 cannonlake icelake-client rocketlake icelake-server cascadelake tigerlake cooperlake sapphirerapids alderlake bonnell atom silvermont slm goldmont goldmont-plus tremont knl knm x86-64 x86-64-v2 x86-64-v3 x86-64-v4 eden-x2 nano nano-1000 nano-2000 nano-3000 nano-x2 eden-x4 nano-x4 k8 k8-sse3 opteron opteron-sse3 athlon64 athlon64-sse3 athlon-fx amdfam10 barcelona bdver1 bdver2 bdver3 bdver4 znver1 znver2 znver3 btver1 btver2 native
configure:15702: $? = 1
configure: failed program was:
| /* confdefs.h */
| #define PACKAGE_NAME "Valgrind"
| #define PACKAGE_TARNAME "valgrind"
| #define PACKAGE_VERSION "3.26.0"
| #define PACKAGE_STRING "Valgrind 3.26.0"
| #define PACKAGE_BUGREPORT "valgrind-users@lists.sourceforge.net"
| #define PACKAGE_URL ""
| #define PACKAGE "valgrind"
| #define VERSION "3.26.0"
| #define GDB_PATH "/usr/bin/gdb"
| #define VG_TMPDIR "/tmp"
| #define HAVE_STDIO_H 1
| #define HAVE_STDLIB_H 1
| #define HAVE_STRING_H 1
| #define HAVE_INTTYPES_H 1
| #define HAVE_STDINT_H 1
| #define HAVE_STRINGS_H 1
| #define HAVE_SYS_STAT_H 1
| #define HAVE_SYS_TYPES_H 1
| #define HAVE_UNISTD_H 1
| #define HAVE_SYS_TIME_H 1
| #define HAVE_SYS_PARAM_H 1
| #define STDC_HEADERS 1
| #define HAVE_HEADER_FEATURES_H 1
| #define GLIBC_MANDATORY_STRLEN_REDIRECT 1
| #define GLIBC_MANDATORY_INDEX_AND_STRLEN_REDIRECT 1
| #define HAVE_PTRACE_GETREGS 1
| #define HAVE_CLOCK_MONOTONIC 1
| #define HAVE_ELF32_CHDR 1
| #define HAVE_ELF64_CHDR 1
| #define HAVE_PTHREAD_RWLOCK_T 1
| #define HAVE_CLOCKID_T 1
| #define HAVE_PTHREAD_MUTEX_ADAPTIVE_NP 1
| #define HAVE_PTHREAD_MUTEX_ERRORCHECK_NP 1
| #define HAVE_PTHREAD_MUTEX_RECURSIVE_NP 1
| #define HAVE_PTHREAD_RECURSIVE_MUTEX_INITIALIZER_NP 1
| #define HAVE_PTHREAD_MUTEX_T__DATA__KIND 1
| #define HAVE_DLINFO_RTLD_DI_TLS_MODID 1
| #define HAVE_EVENTFD 1
| #define HAVE_EVENTFD_READ 1
| #define HAVE_SYS_USER_REGS 1
| #define HAVE_AS_AMD64_FXSAVE64 1
| /* end confdefs.h.  */
| 
| int main()
| {
|     return 0;
| }
| 
configure:15712: result: no
configure:15733: checking if gcc supports the armv81 feature flag and assembler supports v8.1 instructions
configure:15748: gcc -c  -march=armv8.1-a -Werror  conftest.c >&5
cc1: error: bad value ('armv8.1-a') for '-march=' switch
cc1: note: valid arguments to '-march=' switch are: nocona core2 nehalem corei7 westmere sandybridge corei7-avx ivybridge core-avx-i haswell core-avx2 broadwell skylake skylake-avx512 cannonlake icelake-client rocketlake icelake-server cascadelake tigerlake cooperlake sapphirerapids alderlake bonnell atom silvermont slm goldmont goldmont-plus tremont knl knm x86-64 x86-64-v2 x86-64-v3 x86-64-v4 eden-x2 nano nano-1000 nano-2000 nano-3000 nano-x2 eden-x4 nano-x4 k8 k8-sse3 opteron opteron-sse3 athlon64 athlon64-sse3 athlon-fx amdfam10 barcelona bdver1 bdver2 bdver3 bdver4 znver1 znver2 znver3 btver1 btver2 native
configure:15748: $? = 1
configure: failed program was:
| /* confdefs.h */
| #define PACKAGE_NAME "Valgrind"
| #define PACKAGE_TARNAME "valgrind"
| #define PACKAGE_VERSION "3.26.0"
| #define PACKAGE_STRING "Valgrind 3.26.0"
| #define PACKAGE_BUGREPORT "valgrind-users@lists.sourceforge.net"
| #define PACKAGE_URL ""
| #define PACKAGE "valgrind"
| #define VERSION "3.26.0"
| #define GDB_PATH "/usr/bin/gdb"
| #define VG_TMPDIR "/tmp"
| #define HAVE_STDIO_H 1
| #define HAVE_STDLIB_H 1
| #define HAVE_STRING_H 1
| #define HAVE_INTTYPES_H 1
| #define HAVE_STDINT_H 1
| #define HAVE_STRINGS_H 1
| #define HAVE_SYS_STAT_H 1
| #define HAVE_SYS_TYPES_H 1
| #define HAVE_UNISTD_H 1
| #define HAVE_SYS_TIME_H 1
| #define HAVE_SYS_PARAM_H 1
| #define STDC_HEADERS 1
| #define HAVE_HEADER_FEATURES_H 1
| #define GLIBC_MANDATORY_STRLEN_REDIRECT 1
| #define GLIBC_MANDATORY_INDEX_AND_STRLEN_REDIRECT 1
| #define HAVE_PTRACE_GETREGS 1
| #define HAVE_CLOCK_MONOTONIC 1
| #define HAVE_ELF32_CHDR 1
| #define HAVE_ELF64_CHDR 1
| #define HAVE_PTHREAD_RWLOCK_T 1
| #define HAVE_CLOCKID_T 1
| #define HAVE_PTHREAD_MUTEX_ADAPTIVE_NP 1
| #define HAVE_PTHREAD_MUTEX_ERRORCHECK_NP 1
| #define HAVE_PTHREAD_MUTEX_RECURSIVE_NP 1
| #define HAVE_PTHREAD_RECURSIVE_MUTEX_INITIALIZER_NP 1
| #define HAVE_PTHREAD_MUTEX_T__DATA__KIND 1
| #define HAVE_DLINFO_RTLD_DI_TLS_MODID 1
| #define HAVE_EVENTFD 1
| #define HAVE_EVENTFD_READ 1
| #define HAVE_SYS_USER_REGS 1
| #define HAVE_AS_AMD64_FXSAVE64 1
| /* end confdefs.h.  */
| 
| int main()
| {
|     __asm__ __volatile__("ldadd x0, x1, [x2]" ::: "memory");
|     return 0;
| }
| 
configure:15758: result: no
configure:15779: checking if gcc supports the armv82 feature flag and assembler supports v8.2 instructions
configure:15794: gcc -c  -march=armv8.2-a+fp16 -Werror  conftest.c >&5
cc1: error: bad value ('armv8.2-a+fp16') for '-march=' switch
cc1: note: valid arguments to '-march=' switch are: nocona core2 nehalem corei7 westmere sandybridge corei7-avx ivybridge core-avx-i haswell core-avx2 broadwell skylake skylake-avx512 cannonlake icelake-client rocketlake icelake-server cascadelake tigerlake cooperlake sapphirerapids alderlake bonnell atom silvermont slm goldmont goldmont-plus tremont knl knm x86-64 x86-64-v2 x86-64-v3 x86-64-v4 eden-x2 nano nano-1000 nano-2000 nano-3000 nano-x2 eden-x4 nano-x4 k8 k8-sse3 opteron opteron-sse3 athlon64 athlon64-sse3 athlon-fx amdfam10 barcelona bdver1 bdver2 bdver3 bdver4 znver1 znver2 znver3 btver1 btver2 native
configure:15794: $? = 1
configure: failed program was:
| /* confdefs.h */
| #define PACKAGE_NAME "Valgrind"
| #define PACKAGE_TARNAME "valgrind"
| #define PACKAGE_VERSION "3.26.0"
| #define PACKAGE_STRING "Valgrind 3.26.0"
| #define PACKAGE_BUGREPORT "valgrind-users@lists.sourceforge.net"
| #define PACKAGE_URL ""
| #define PACKAGE "valgrind"
| #define VERSION "3.26.0"
| #define GDB_PATH "/usr/bin/gdb"
| #define VG_TMPDIR "/tmp"
| #define HAVE_STDIO_H 1
| #define HAVE_STDLIB_H 1
| #define HAVE_STRING_H 1
| #define HAVE_INTTYPES_H 1
| #define HAVE_STDINT_H 1
| #define HAVE_STRINGS_H 1
| #define HAVE_SYS_STAT_H 1
| #define HAVE_SYS_TYPES_H 1
| #define HAVE_UNISTD_H 1
| #define HAVE_SYS_TIME_H 1
| #define HAVE_SYS_PARAM_H 1
| #define STDC_HEADERS 1
| #define HAVE_HEADER_FEATURES_H 1
| #define GLIBC_MANDATORY_STRLEN_REDIRECT 1
| #define GLIBC_MANDATORY_INDEX_AND_STRLEN_REDIRECT 1
| #define HAVE_PTRACE_GETREGS 1
| #define HAVE_CLOCK_MONOTONIC 1
| #define HAVE_ELF32_CHDR 1
| #define HAVE_ELF64_CHDR 1
| #define HAVE_PTHREAD_RWLOCK_T 1
| #define HAVE_CLOCKID_T 1
| #define HAVE_PTHREAD_MUTEX_ADAPTIVE_NP 1
| #define HAVE_PTHREAD_MUTEX_ERRORCHECK_NP 1
| #define HAVE_PTHREAD_MUTEX_RECURSIVE_NP 1
| #define HAVE_PTHREAD_RECURSIVE_MUTEX_INITIALIZER_NP 1
| #define HAVE_PTHREAD_MUTEX_T__DATA__KIND 1
| #define HAVE_DLINFO_RTLD_DI_TLS_MODID 1
| #define HAVE_EVENTFD 1
| #define HAVE_EVENTFD_READ 1
| #define HAVE_SYS_USER_REGS 1
| #define HAVE_AS_AMD64_FXSAVE64 1
| /* end confdefs.h.  */
| 
| int main()
| {
|     __asm__ __volatile__("faddp h0, v1.2h");
|     return 0;
| }
| 
configure:15804: result: no
configure:15825: checking if gcc supports the armv82-a+dotprod feature flag and assembler supports dotprod instructions
configure:15840: gcc -c  -march=armv8.2-a+dotprod -Werror  conftest.c >&5
cc1: error: bad value ('armv8.2-a+dotprod') for '-march=' switch
cc1: note: valid arguments to '-march=' switch are: nocona core2 nehalem corei7 westmere sandybridge corei7-avx ivybridge core-avx-i haswell core-avx2 broadwell skylake skylake-avx512 cannonlake icelake-client rocketlake icelake-server cascadelake tigerlake cooperlake sapphirerapids alderlake bonnell atom silvermont slm goldmont goldmont-plus tremont knl knm x86-64 x86-64-v2 x86-64-v3 x86-64-v4 eden-x2 nano nano-1000 nano-2000 nano-3000 nano-x2 eden-x4 nano-x4 k8 k8-sse3 opteron opteron-sse3 athlon64 athlon64-sse3 athlon-fx amdfam10 barcelona bdver1 bdver2 bdver3 bdver4 znver1 znver2 znver3 btver1 btver2 native
configure:15840: $? = 1
configure: failed program was:
| /* confdefs.h */
| #define PACKAGE_NAME "Valgrind"
| #define PACKAGE_TARNAME "valgrind"
| #define PACKAGE_VERSION "3.26.0"
| #define PACKAGE_STRING "Valgrind 3.26.0"
| #define PACKAGE_BUGREPORT "valgrind-users@lists.sourceforge.net"
| #define PACKAGE_URL ""
| #define PACKAGE "valgrind"
| #define VERSION "3.26.0"
| #define GDB_PATH "/usr/bin/gdb"
| #define VG_TMPDIR "/tmp"
| #define HAVE_STDIO_H 1
| #define HAVE_STDLIB_H 1
| #define HAVE_STRING_H 1
| #define HAVE_INTTYPES_H 1
| #define HAVE_STDINT_H 1
| #define HAVE_STRINGS_H 1
| #define HAVE_SYS_STAT_H 1
| #define HAVE_SYS_TYPES_H 1
| #define HAVE_UNISTD_H 1
| #define HAVE_SYS_TIME_H 1
| #define HAVE_SYS_PARAM_H 1
| #define STDC_HEADERS 1
| #define HAVE_HEADER_FEATURES_H 1
| #define GLIBC_MANDATORY_STRLEN_REDIRECT 1
| #define GLIBC_MANDATORY_INDEX_AND_STRLEN_REDIRECT 1
| #define HAVE_PTRACE_GETREGS 1
| #define HAVE_CLOCK_MONOTONIC 1
| #define HAVE_ELF32_CHDR 1
| #define HAVE_ELF64_CHDR 1
| #define HAVE_PTHREAD_RWLOCK_T 1
| #define HAVE_CLOCKID_T 1
| #define HAVE_PTHREAD_MUTEX_ADAPTIVE_NP 1
| #define HAVE_PTHREAD_MUTEX_ERRORCHECK_NP 1
| #define HAVE_PTHREAD_MUTEX_RECURSIVE_NP 1
| #define HAVE_PTHREAD_RECURSIVE_MUTEX_INITIALIZER_NP 1
| #define HAVE_PTHREAD_MUTEX_T__DATA__KIND 1
| #define HAVE_DLINFO_RTLD_DI_TLS_MODID 1
| #define HAVE_EVENTFD 1
| #define HAVE_EVENTFD_READ 1
| #define HAVE_SYS_USER_REGS 1
| #define HAVE_AS_AMD64_FXSAVE64 1
| /* end confdefs.h.  */
| 
| int main()
| {
|     __asm__ __volatile__("sdot v1.4s, v2.16b, v3.16b");
|     return 0;
| }
| 
configure:15850: result: no
configure:15883: gcc -o conftest    conftest.c  >&5
configure:15883: $? = 0
configure:15896: checking for TLS support
configure:15922: gcc -o conftest    conftest.c  >&5
configure:15922: $? = 0
configure:15922: ./conftest
configure:15922: $? = 0
configure:15939: result: yes
configure:18414: checking for asm/unistd.h
configure:18414: gcc -c   conftest.c >&5
configure:18414: $? = 0
configure:18414: result: yes
configure:18420: checking for endian.h
configure:18420: gcc -c   conftest.c >&5
configure:18420: $? = 0
configure:18420: result: yes
configure:18426: checking for mqueue.h
configure:18426: gcc -c   conftest.c >&5
configure:18426: $? = 0
configure:18426: result: yes
configure:18432: checking for sys/endian.h
configure:18432: gcc -c   conftest.c >&5
conftest.c:76:10: fatal error: sys/endian.h: No such file or directory
   76 | #include <sys/endian.h>
      |          ^~~~~~~~~~~~~~
compilation terminated.
configure:18432: $? = 1
configure: failed program was:
| /* confdefs.h */
| #define PACKAGE_NAME "Valgrind"
| #define PACKAGE_TARNAME "valgrind"
| #define PACKAGE_VERSION "3.26.0"
| #define PACKAGE_STRING "Valgrind 3.26.0"
| #define PACKAGE_BUGREPORT "valgrind-users@lists.sourceforge.net"
| #define PACKAGE_URL ""
| #define PACKAGE "valgrind"
| #define VERSION "3.26.0"
| #define GDB_PATH "/usr/bin/gdb"
| #define VG_TMPDIR "/tmp"
| #define HAVE_STDIO_H 1
| #define HAVE_STDLIB_H 1
| #define HAVE_STRING_H 1
| #define HAVE_INTTYPES_H 1
| #define HAVE_STDINT_H 1
| #define HAVE_STRINGS_H 1
| #define HAVE_SYS_STAT_H 1
| #define HAVE_SYS_TYPES_H 1
| #define HAVE_UNISTD_H 1
| #define HAVE_SYS_TIME_H 1
| #define HAVE_SYS_PARAM_H 1
| #define STDC_HEADERS 1
| #define HAVE_HEADER_FEATURES_H 1
| #define GLIBC_MANDATORY_STRLEN_REDIRECT 1
| #define GLIBC_MANDATORY_INDEX_AND_STRLEN_REDIRECT 1
| #define HAVE_PTRACE_GETREGS 1
| #define HAVE_CLOCK_MONOTONIC 1
| #define HAVE_ELF32_CHDR 1
| #define HAVE_ELF64_CHDR 1
| #define HAVE_PTHREAD_RWLOCK_T 1
| #define HAVE_CLOCKID_T 1
| #define HAVE_PTHREAD_MUTEX_ADAPTIVE_NP 1
| #define HAVE_PTHREAD_MUTEX_ERRORCHECK_NP 1
| #define HAVE_PTHREAD_MUTEX_RECURSIVE_NP 1
| #define HAVE_PTHREAD_RECURSIVE_MUTEX_INITIALIZER_NP 1
| #define HAVE_PTHREAD_MUTEX_T__DATA__KIND 1
| #define HAVE_DLINFO_RTLD_DI_TLS_MODID 1
| #define HAVE_EVENTFD 1
| #define HAVE_EVENTFD_READ 1
| #define HAVE_SYS_USER_REGS 1
| #define HAVE_AS_AMD64_FXSAVE64 1
| #define HAVE_TLS 1
| #define HAVE_ASM_UNISTD_H 1
| #define HAVE_ENDIAN_H 1
| #define HAVE_MQUEUE_H 1
| /* end confdefs.h.  */
| #include <stddef.h>
| #ifdef HAVE_STDIO_H
| # include <stdio.h>
| #endif
| #ifdef HAVE_STDLIB_H
| # include <stdlib.h>
| #endif
| #ifdef HAVE_STRING_H
| # include <string.h>
| #endif
| #ifdef HAVE_INTTYPES_H
| # include <inttypes.h>
| #endif
| #ifdef HAVE_STDINT_H
| # include <stdint.h>
| #endif
| #ifdef HAVE_STRINGS_H
| # include <strings.h>
| #endif
| #ifdef HAVE_SYS_TYPES_H
| # include <sys/types.h>
| #endif
| #ifdef HAVE_SYS_STAT_H
| # include <sys/stat.h>
| #endif
| #ifdef HAVE_UNISTD_H
| # include <unistd.h>
| #endif
| #include <sys/endian.h>
configure:18432: result: no
configure:18438: checking for sys/epoll.h
configure:18438: gcc -c   conftest.c >&5
configure:18438: $? = 0
configure:18438: result: yes
configure:18444: checking for sys/eventfd.h
configure:18444: gcc -c   conftest.c >&5
configure:18444: $? = 0
configure:18444: result: yes
configure:18450: checking for sys/klog.h
configure:18450: gcc -c   conftest.c >&5
configure:18450: $? = 0
configure:18450: result: yes
configure:18456: checking for sys/poll.h
configure:18456: gcc -c   conftest.c >&5
configure:18456: $? = 0
configure:18456: result: yes
configure:18462: checking for sys/prctl.h
configure:18462: gcc -c   conftest.c >&5
configure:18462: $? = 0
configure:18462: result: yes
configure:18468: checking for sys/signal.h
configure:18468: gcc -c   conftest.c >&5
configure:18468: $? = 0
configure:18468: result: yes
configure:18474: checking for sys/signalfd.h
configure:18474: gcc -c   conftest.c >&5
configure:18474: $? = 0
configure:18474: result: yes
configure:18480: checking for sys/syscall.h
configure:18480: gcc -c   conftest.c >&5
configure:18480: $? = 0
configure:18480: result: yes
configure:18486: checking for sys/sysnvl.h
configure:18486: gcc -c   conftest.c >&5
conftest.c:84:10: fatal error: sys/sysnvl.h: No such file or directory
   84 | #include <sys/sysnvl.h>
      |          ^~~~~~~~~~~~~~
compilation terminated.
configure:18486: $? = 1
configure: failed program was:
| /* confdefs.h */
| #define PACKAGE_NAME "Valgrind"
| #define PACKAGE_TARNAME "valgrind"
| #define PACKAGE_VERSION "3.26.0"
| #define PACKAGE_STRING "Valgrind 3.26.0"
| #define PACKAGE_BUGREPORT "valgrind-users@lists.sourceforge.net"
| #define PACKAGE_URL ""
| #define PACKAGE "valgrind"
| #define VERSION "3.26.0"
| #define GDB_PATH "/usr/bin/gdb"
| #define VG_TMPDIR "/tmp"
| #define HAVE_STDIO_H 1
| #define HAVE_STDLIB_H 1
| #define HAVE_STRING_H 1
| #define HAVE_INTTYPES_H 1
| #define HAVE_STDINT_H 1
| #define HAVE_STRINGS_H 1
| #define HAVE_SYS_STAT_H 1
| #define HAVE_SYS_TYPES_H 1
| #define HAVE_UNISTD_H 1
| #define HAVE_SYS_TIME_H 1
| #define HAVE_SYS_PARAM_H 1
| #define STDC_HEADERS 1
| #define HAVE_HEADER_FEATURES_H 1
| #define GLIBC_MANDATORY_STRLEN_REDIRECT 1
| #define GLIBC_MANDATORY_INDEX_AND_STRLEN_REDIRECT 1
| #define HAVE_PTRACE_GETREGS 1
| #define HAVE_CLOCK_MONOTONIC 1
| #define HAVE_ELF32_CHDR 1
| #define HAVE_ELF64_CHDR 1
| #define HAVE_PTHREAD_RWLOCK_T 1
| #define HAVE_CLOCKID_T 1
| #define HAVE_PTHREAD_MUTEX_ADAPTIVE_NP 1
| #define HAVE_PTHREAD_MUTEX_ERRORCHECK_NP 1
| #define HAVE_PTHREAD_MUTEX_RECURSIVE_NP 1
| #define HAVE_PTHREAD_RECURSIVE_MUTEX_INITIALIZER_NP 1
| #define HAVE_PTHREAD_MUTEX_T__DATA__KIND 1
| #define HAVE_DLINFO_RTLD_DI_TLS_MODID 1
| #define HAVE_EVENTFD 1
| #define HAVE_EVENTFD_READ 1
| #define HAVE_SYS_USER_REGS 1
| #define HAVE_AS_AMD64_FXSAVE64 1
| #define HAVE_TLS 1
| #define HAVE_ASM_UNISTD_H 1
| #define HAVE_ENDIAN_H 1
| #define HAVE_MQUEUE_H 1
| #define HAVE_SYS_EPOLL_H 1
| #define HAVE_SYS_EVENTFD_H 1
| #define HAVE_SYS_KLOG_H 1
| #define HAVE_SYS_POLL_H 1
| #define HAVE_SYS_PRCTL_H 1
| #define HAVE_SYS_SIGNAL_H 1
| #define HAVE_SYS_SIGNALFD_H 1
| #define HAVE_SYS_SYSCALL_H 1
| /* end confdefs.h.  */
| #include <stddef.h>
| #ifdef HAVE_STDIO_H
| # include <stdio.h>
| #endif
| #ifdef HAVE_STDLIB_H
| # include <stdlib.h>
| #endif
| #ifdef HAVE_STRING_H
| # include <string.h>
| #endif
| #ifdef HAVE_INTTYPES_H
| # include <inttypes.h>
| #endif
| #ifdef HAVE_STDINT_H
| # include <stdint.h>
| #endif
| #ifdef HAVE_STRINGS_H
| # include <strings.h>
| #endif
| #ifdef HAVE_SYS_TYPES_H
| # include <sys/types.h>
| #endif
| #ifdef HAVE_SYS_STAT_H
| # include <sys/stat.h>
| #endif
| #ifdef HAVE_UNISTD_H
| # include <unistd.h>
| #endif
| #include <sys/sysnvl.h>
configure:18486: result: no
configure:18492: checking for sys/time.h
configure:18492: result: yes
configure:18498: checking for sys/types.h
configure:18498: result: yes
configure:18507: checking if <linux/futex.h> is usable
configure:18527: gcc -c  -D__user=  conftest.c >&5
configure:18527: $? = 0
configure:18534: result: yes
configure:18552: checking for uid_t
configure:18552: gcc -c   conftest.c >&5
configure:18552: $? = 0
configure:18552: gcc -c   conftest.c >&5
conftest.c: In function 'main':
conftest.c:90:20: error: expected expression before ')' token
   90 | if (sizeof ((uid_t)))
      |                    ^
configure:18552: $? = 1
configure: failed program was:
| /* confdefs.h */
| #define PACKAGE_NAME "Valgrind"
| #define PACKAGE_TARNAME "valgrind"
| #define PACKAGE_VERSION "3.26.0"
| #define PACKAGE_STRING "Valgrind 3.26.0"
| #define PACKAGE_BUGREPORT "valgrind-users@lists.sourceforge.net"
| #define PACKAGE_URL ""
| #define PACKAGE "valgrind"
| #define VERSION "3.26.0"
| #define GDB_PATH "/usr/bin/gdb"
| #define VG_TMPDIR "/tmp"
| #define HAVE_STDIO_H 1
| #define HAVE_STDLIB_H 1
| #define HAVE_STRING_H 1
| #define HAVE_INTTYPES_H 1
| #define HAVE_STDINT_H 1
| #define HAVE_STRINGS_H 1
| #define HAVE_SYS_STAT_H 1
| #define HAVE_SYS_TYPES_H 1
| #define HAVE_UNISTD_H 1
| #define HAVE_SYS_TIME_H 1
| #define HAVE_SYS_PARAM_H 1
| #define STDC_HEADERS 1
| #define HAVE_HEADER_FEATURES_H 1
| #define GLIBC_MANDATORY_STRLEN_REDIRECT 1
| #define GLIBC_MANDATORY_INDEX_AND_STRLEN_REDIRECT 1
| #define HAVE_PTRACE_GETREGS 1
| #define HAVE_CLOCK_MONOTONIC 1
| #define HAVE_ELF32_CHDR 1
| #define HAVE_ELF64_CHDR 1
| #define HAVE_PTHREAD_RWLOCK_T 1
| #define HAVE_CLOCKID_T 1
| #define HAVE_PTHREAD_MUTEX_ADAPTIVE_NP 1
| #define HAVE_PTHREAD_MUTEX_ERRORCHECK_NP 1
| #define HAVE_PTHREAD_MUTEX_RECURSIVE_NP 1
| #define HAVE_PTHREAD_RECURSIVE_MUTEX_INITIALIZER_NP 1
| #define HAVE_PTHREAD_MUTEX_T__DATA__KIND 1
| #define HAVE_DLINFO_RTLD_DI_TLS_MODID 1
| #define HAVE_EVENTFD 1
| #define HAVE_EVENTFD_READ 1
| #define HAVE_SYS_USER_REGS 1
| #define HAVE_AS_AMD64_FXSAVE64 1
| #define HAVE_TLS 1
| #define HAVE_ASM_UNISTD_H 1
| #define HAVE_ENDIAN_H 1
| #define HAVE_MQUEUE_H 1
| #define HAVE_SYS_EPOLL_H 1
| #define HAVE_SYS_EVENTFD_H 1
| #define HAVE_SYS_KLOG_H 1
| #define HAVE_SYS_POLL_H 1
| #define HAVE_SYS_PRCTL_H 1
| #define HAVE_SYS_SIGNAL_H 1
| #define HAVE_SYS_SIGNALFD_H 1
| #define HAVE_SYS_SYSCALL_H 1
| #define HAVE_SYS_TIME_H 1
| #define HAVE_SYS_TYPES_H 1
| #define HAVE_USABLE_LINUX_FUTEX_H 1
| /* end confdefs.h.  */
| #include <stddef.h>
| #ifdef HAVE_STDIO_H
| # include <stdio.h>
| #endif
| #ifdef HAVE_STDLIB_H
| # include <stdlib.h>
| #endif
| #ifdef HAVE_STRING_H
| # include <string.h>
| #endif
| #ifdef HAVE_INTTYPES_H
| # include <inttypes.h>
| #endif
| #ifdef HAVE_STDINT_H
| # include <stdint.h>
| #endif
| #ifdef HAVE_STRINGS_H
| # include <strings.h>
| #endif
| #ifdef HAVE_SYS_TYPES_H
| # include <sys/types.h>
| #endif
| #ifdef HAVE_SYS_STAT_H
| # include <sys/stat.h>
| #endif
| #ifdef HAVE_UNISTD_H
| # include <unistd.h>
| #endif
| int
| main (void)
| {
| if (sizeof ((uid_t)))
| 	    return 0;
|   ;
|   return 0;
| }
configure:18552: result: yes
configure:18563: checking for gid_t
configure:18563: gcc -c   conftest.c >&5
configure:18563: $? = 0
configure:18563: gcc -c   conftest.c >&5
conftest.c: In function 'main':
conftest.c:90:20: error: expected expression before ')' token
   90 | if (sizeof ((gid_t)))
      |                    ^
configure:18563: $? = 1
configure: failed program was:
| /* confdefs.h */
| #define PACKAGE_NAME "Valgrind"
| #define PACKAGE_TARNAME "valgrind"
| #define PACKAGE_VERSION "3.26.0"
| #define PACKAGE_STRING "Valgrind 3.26.0"
| #define PACKAGE_BUGREPORT "valgrind-users@lists.sourceforge.net"
| #define PACKAGE_URL ""
| #define PACKAGE "valgrind"
| #define VERSION "3.26.0"
| #define GDB_PATH "/usr/bin/gdb"
| #define VG_TMPDIR "/tmp"
| #define HAVE_STDIO_H 1
| #define HAVE_STDLIB_H 1
| #define HAVE_STRING_H 1
| #define HAVE_INTTYPES_H 1
| #define HAVE_STDINT_H 1
| #define HAVE_STRINGS_H 1
| #define HAVE_SYS_STAT_H 1
| #define HAVE_SYS_TYPES_H 1
| #define HAVE_UNISTD_H 1
| #define HAVE_SYS_TIME_H 1
| #define HAVE_SYS_PARAM_H 1
| #define STDC_HEADERS 1
| #define HAVE_HEADER_FEATURES_H 1
| #define GLIBC_MANDATORY_STRLEN_REDIRECT 1
| #define GLIBC_MANDATORY_INDEX_AND_STRLEN_REDIRECT 1
| #define HAVE_PTRACE_GETREGS 1
| #define HAVE_CLOCK_MONOTONIC 1
| #define HAVE_ELF32_CHDR 1
| #define HAVE_ELF64_CHDR 1
| #define HAVE_PTHREAD_RWLOCK_T 1
| #define HAVE_CLOCKID_T 1
| #define HAVE_PTHREAD_MUTEX_ADAPTIVE_NP 1
| #define HAVE_PTHREAD_MUTEX_ERRORCHECK_NP 1
| #define HAVE_PTHREAD_MUTEX_RECURSIVE_NP 1
| #define HAVE_PTHREAD_RECURSIVE_MUTEX_INITIALIZER_NP 1
| #define HAVE_PTHREAD_MUTEX_T__DATA__KIND 1
| #define HAVE_DLINFO_RTLD_DI_TLS_MODID 1
| #define HAVE_EVENTFD 1
| #define HAVE_EVENTFD_READ 1
| #define HAVE_SYS_USER_REGS 1
| #define HAVE_AS_AMD64_FXSAVE64 1
| #define HAVE_TLS 1
| #define HAVE_ASM_UNISTD_H 1
| #define HAVE_ENDIAN_H 1
| #define HAVE_MQUEUE_H 1
| #define HAVE_SYS_EPOLL_H 1
| #define HAVE_SYS_EVENTFD_H 1
| #define HAVE_SYS_KLOG_H 1
| #define HAVE_SYS_POLL_H 1
| #define HAVE_SYS_PRCTL_H 1
| #define HAVE_SYS_SIGNAL_H 1
| #define HAVE_SYS_SIGNALFD_H 1
| #define HAVE_SYS_SYSCALL_H 1
| #define HAVE_SYS_TIME_H 1
| #define HAVE_SYS_TYPES_H 1
| #define HAVE_USABLE_LINUX_FUTEX_H 1
| /* end confdefs.h.  */
| #include <stddef.h>
| #ifdef HAVE_STDIO_H
| # include <stdio.h>
| #endif
| #ifdef HAVE_STDLIB_H
| # include <stdlib.h>
| #endif
| #ifdef HAVE_STRING_H
| # include <string.h>
| #endif
| #ifdef HAVE_INTTYPES_H
| # include <inttypes.h>
| #endif
| #ifdef HAVE_STDINT_H
| # include <stdint.h>
| #endif
| #ifdef HAVE_STRINGS_H
| # include <strings.h>
| #endif
| #ifdef HAVE_SYS_TYPES_H
| # include <sys/types.h>
| #endif
| #ifdef HAVE_SYS_STAT_H
| # include <sys/stat.h>
| #endif
| #ifdef HAVE_UNISTD_H
| # include <unistd.h>
| #endif
| int
| main (void)
| {
| if (sizeof ((gid_t)))
| 	    return 0;
|   ;
|   return 0;
| }
configure:18563: result: yes
configure:18574: checking for off_t
configure:18574: gcc -c   conftest.c >&5
configure:18574: $? = 0
configure:18574: gcc -c   conftest.c >&5
conftest.c: In function 'main':
conftest.c:90:20: error: expected expression before ')' token
   90 | if (sizeof ((off_t)))
      |                    ^
configure:18574: $? = 1
configure: failed program was:
| /* confdefs.h */
| #define PACKAGE_NAME "Valgrind"
| #define PACKAGE_TARNAME "valgrind"
| #define PACKAGE_VERSION "3.26.0"
| #define PACKAGE_STRING "Valgrind 3.26.0"
| #define PACKAGE_BUGREPORT "valgrind-users@lists.sourceforge.net"
| #define PACKAGE_URL ""
| #define PACKAGE "valgrind"
| #define VERSION "3.26.0"
| #define GDB_PATH "/usr/bin/gdb"
| #define VG_TMPDIR "/tmp"
| #define HAVE_STDIO_H 1
| #define HAVE_STDLIB_H 1
| #define HAVE_STRING_H 1
| #define HAVE_INTTYPES_H 1
| #define HAVE_STDINT_H 1
| #define HAVE_STRINGS_H 1
| #define HAVE_SYS_STAT_H 1
| #define HAVE_SYS_TYPES_H 1
| #define HAVE_UNISTD_H 1
| #define HAVE_SYS_TIME_H 1
| #define HAVE_SYS_PARAM_H 1
| #define STDC_HEADERS 1
| #define HAVE_HEADER_FEATURES_H 1
| #define GLIBC_MANDATORY_STRLEN_REDIRECT 1
| #define GLIBC_MANDATORY_INDEX_AND_STRLEN_REDIRECT 1
| #define HAVE_PTRACE_GETREGS 1
| #define HAVE_CLOCK_MONOTONIC 1
| #define HAVE_ELF32_CHDR 1
| #define HAVE_ELF64_CHDR 1
| #define HAVE_PTHREAD_RWLOCK_T 1
| #define HAVE_CLOCKID_T 1
| #define HAVE_PTHREAD_MUTEX_ADAPTIVE_NP 1
| #define HAVE_PTHREAD_MUTEX_ERRORCHECK_NP 1
| #define HAVE_PTHREAD_MUTEX_RECURSIVE_NP 1
| #define HAVE_PTHREAD_RECURSIVE_MUTEX_INITIALIZER_NP 1
| #define HAVE_PTHREAD_MUTEX_T__DATA__KIND 1
| #define HAVE_DLINFO_RTLD_DI_TLS_MODID 1
| #define HAVE_EVENTFD 1
| #define HAVE_EVENTFD_READ 1
| #define HAVE_SYS_USER_REGS 1
| #define HAVE_AS_AMD64_FXSAVE64 1
| #define HAVE_TLS 1
| #define HAVE_ASM_UNISTD_H 1
| #define HAVE_ENDIAN_H 1
| #define HAVE_MQUEUE_H 1
| #define HAVE_SYS_EPOLL_H 1
| #define HAVE_SYS_EVENTFD_H 1
| #define HAVE_SYS_KLOG_H 1
| #define HAVE_SYS_POLL_H 1
| #define HAVE_SYS_PRCTL_H 1
| #define HAVE_SYS_SIGNAL_H 1
| #define HAVE_SYS_SIGNALFD_H 1
| #define HAVE_SYS_SYSCALL_H 1
| #define HAVE_SYS_TIME_H 1
| #define HAVE_SYS_TYPES_H 1
| #define HAVE_USABLE_LINUX_FUTEX_H 1
| /* end confdefs.h.  */
| #include <stddef.h>
| #ifdef HAVE_STDIO_H
| # include <stdio.h>
| #endif
| #ifdef HAVE_STDLIB_H
| # include <stdlib.h>
| #endif
| #ifdef HAVE_STRING_H
| # include <string.h>
| #endif
| #ifdef HAVE_INTTYPES_H
| # include <inttypes.h>
| #endif
| #ifdef HAVE_STDINT_H
| # include <stdint.h>
| #endif
| #ifdef HAVE_STRINGS_H
| # include <strings.h>
| #endif
| #ifdef HAVE_SYS_TYPES_H
| # include <sys/types.h>
| #endif
| #ifdef HAVE_SYS_STAT_H
| # include <sys/stat.h>
| #endif
| #ifdef HAVE_UNISTD_H
| # include <unistd.h>
| #endif
| int
| main (void)
| {
| if (sizeof ((off_t)))
| 	    return 0;
|   ;
|   return 0;
| }
configure:18574: result: yes
configure:18585: checking for size_t
configure:18585: gcc -c   conftest.c >&5
configure:18585: $? = 0
configure:18585: gcc -c   conftest.c >&5
conftest.c: In function 'main':
conftest.c:90:21: error: expected expression before ')' token
   90 | if (sizeof ((size_t)))
      |                     ^
configure:18585: $? = 1
configure: failed program was:
| /* confdefs.h */
| #define PACKAGE_NAME "Valgrind"
| #define PACKAGE_TARNAME "valgrind"
| #define PACKAGE_VERSION "3.26.0"
| #define PACKAGE_STRING "Valgrind 3.26.0"
| #define PACKAGE_BUGREPORT "valgrind-users@lists.sourceforge.net"
| #define PACKAGE_URL ""
| #define PACKAGE "valgrind"
| #define VERSION "3.26.0"
| #define GDB_PATH "/usr/bin/gdb"
| #define VG_TMPDIR "/tmp"
| #define HAVE_STDIO_H 1
| #define HAVE_STDLIB_H 1
| #define HAVE_STRING_H 1
| #define HAVE_INTTYPES_H 1
| #define HAVE_STDINT_H 1
| #define HAVE_STRINGS_H 1
| #define HAVE_SYS_STAT_H 1
| #define HAVE_SYS_TYPES_H 1
| #define HAVE_UNISTD_H 1
| #define HAVE_SYS_TIME_H 1
| #define HAVE_SYS_PARAM_H 1
| #define STDC_HEADERS 1
| #define HAVE_HEADER_FEATURES_H 1
| #define GLIBC_MANDATORY_STRLEN_REDIRECT 1
| #define GLIBC_MANDATORY_INDEX_AND_STRLEN_REDIRECT 1
| #define HAVE_PTRACE_GETREGS 1
| #define HAVE_CLOCK_MONOTONIC 1
| #define HAVE_ELF32_CHDR 1
| #define HAVE_ELF64_CHDR 1
| #define HAVE_PTHREAD_RWLOCK_T 1
| #define HAVE_CLOCKID_T 1
| #define HAVE_PTHREAD_MUTEX_ADAPTIVE_NP 1
| #define HAVE_PTHREAD_MUTEX_ERRORCHECK_NP 1
| #define HAVE_PTHREAD_MUTEX_RECURSIVE_NP 1
| #define HAVE_PTHREAD_RECURSIVE_MUTEX_INITIALIZER_NP 1
| #define HAVE_PTHREAD_MUTEX_T__DATA__KIND 1
| #define HAVE_DLINFO_RTLD_DI_TLS_MODID 1
| #define HAVE_EVENTFD 1
| #define HAVE_EVENTFD_READ 1
| #define HAVE_SYS_USER_REGS 1
| #define HAVE_AS_AMD64_FXSAVE64 1
| #define HAVE_TLS 1
| #define HAVE_ASM_UNISTD_H 1
| #define HAVE_ENDIAN_H 1
| #define HAVE_MQUEUE_H 1
| #define HAVE_SYS_EPOLL_H 1
| #define HAVE_SYS_EVENTFD_H 1
| #define HAVE_SYS_KLOG_H 1
| #define HAVE_SYS_POLL_H 1
| #define HAVE_SYS_PRCTL_H 1
| #define HAVE_SYS_SIGNAL_H 1
| #define HAVE_SYS_SIGNALFD_H 1
| #define HAVE_SYS_SYSCALL_H 1
| #define HAVE_SYS_TIME_H 1
| #define HAVE_SYS_TYPES_H 1
| #define HAVE_USABLE_LINUX_FUTEX_H 1
| /* end confdefs.h.  */
| #include <stddef.h>
| #ifdef HAVE_STDIO_H
| # include <stdio.h>
| #endif
| #ifdef HAVE_STDLIB_H
| # include <stdlib.h>
| #endif
| #ifdef HAVE_STRING_H
| # include <string.h>
| #endif
| #ifdef HAVE_INTTYPES_H
| # include <inttypes.h>
| #endif
| #ifdef HAVE_STDINT_H
| # include <stdint.h>
| #endif
| #ifdef HAVE_STRINGS_H
| # include <strings.h>
| #endif
| #ifdef HAVE_SYS_TYPES_H
| # include <sys/types.h>
| #endif
| #ifdef HAVE_SYS_STAT_H
| # include <sys/stat.h>
| #endif
| #ifdef HAVE_UNISTD_H
| # include <unistd.h>
| #endif
| int
| main (void)
| {
| if (sizeof ((size_t)))
| 	    return 0;
|   ;
|   return 0;
| }
configure:18585: result: yes
configure:18599: checking for struct statx
configure:18599: gcc -c   conftest.c >&5
configure:18599: $? = 0
configure:18599: gcc -c   conftest.c >&5
conftest.c: In function 'main':
conftest.c:67:27: error: expected expression before ')' token
   67 | if (sizeof ((struct statx)))
      |                           ^
configure:18599: $? = 1
configure: failed program was:
| /* confdefs.h */
| #define PACKAGE_NAME "Valgrind"
| #define PACKAGE_TARNAME "valgrind"
| #define PACKAGE_VERSION "3.26.0"
| #define PACKAGE_STRING "Valgrind 3.26.0"
| #define PACKAGE_BUGREPORT "valgrind-users@lists.sourceforge.net"
| #define PACKAGE_URL ""
| #define PACKAGE "valgrind"
| #define VERSION "3.26.0"
| #define GDB_PATH "/usr/bin/gdb"
| #define VG_TMPDIR "/tmp"
| #define HAVE_STDIO_H 1
| #define HAVE_STDLIB_H 1
| #define HAVE_STRING_H 1
| #define HAVE_INTTYPES_H 1
| #define HAVE_STDINT_H 1
| #define HAVE_STRINGS_H 1
| #define HAVE_SYS_STAT_H 1
| #define HAVE_SYS_TYPES_H 1
| #define HAVE_UNISTD_H 1
| #define HAVE_SYS_TIME_H 1
| #define HAVE_SYS_PARAM_H 1
| #define STDC_HEADERS 1
| #define HAVE_HEADER_FEATURES_H 1
| #define GLIBC_MANDATORY_STRLEN_REDIRECT 1
| #define GLIBC_MANDATORY_INDEX_AND_STRLEN_REDIRECT 1
| #define HAVE_PTRACE_GETREGS 1
| #define HAVE_CLOCK_MONOTONIC 1
| #define HAVE_ELF32_CHDR 1
| #define HAVE_ELF64_CHDR 1
| #define HAVE_PTHREAD_RWLOCK_T 1
| #define HAVE_CLOCKID_T 1
| #define HAVE_PTHREAD_MUTEX_ADAPTIVE_NP 1
| #define HAVE_PTHREAD_MUTEX_ERRORCHECK_NP 1
| #define HAVE_PTHREAD_MUTEX_RECURSIVE_NP 1
| #define HAVE_PTHREAD_RECURSIVE_MUTEX_INITIALIZER_NP 1
| #define HAVE_PTHREAD_MUTEX_T__DATA__KIND 1
| #define HAVE_DLINFO_RTLD_DI_TLS_MODID 1
| #define HAVE_EVENTFD 1
| #define HAVE_EVENTFD_READ 1
| #define HAVE_SYS_USER_REGS 1
| #define HAVE_AS_AMD64_FXSAVE64 1
| #define HAVE_TLS 1
| #define HAVE_ASM_UNISTD_H 1
| #define HAVE_ENDIAN_H 1
| #define HAVE_MQUEUE_H 1
| #define HAVE_SYS_EPOLL_H 1
| #define HAVE_SYS_EVENTFD_H 1
| #define HAVE_SYS_KLOG_H 1
| #define HAVE_SYS_POLL_H 1
| #define HAVE_SYS_PRCTL_H 1
| #define HAVE_SYS_SIGNAL_H 1
| #define HAVE_SYS_SIGNALFD_H 1
| #define HAVE_SYS_SYSCALL_H 1
| #define HAVE_SYS_TIME_H 1
| #define HAVE_SYS_TYPES_H 1
| #define HAVE_USABLE_LINUX_FUTEX_H 1
| /* end confdefs.h.  */
| 
|   #define _GNU_SOURCE
|   #include <sys/stat.h>
| 
| 
| int
| main (void)
| {
| if (sizeof ((struct statx)))
| 	    return 0;
|   ;
|   return 0;
| }
configure:18599: result: yes
configure:18618: checking for working memcmp
configure:18663: gcc -o conftest    conftest.c  >&5
configure:18663: $? = 0
configure:18663: ./conftest
configure:18663: $? = 0
configure:18677: result: yes
configure:18691: checking for getpagesize
configure:18691: gcc -o conftest    conftest.c  >&5
configure:18691: $? = 0
configure:18691: result: yes
configure:18702: checking for working mmap
configure:18852: gcc -o conftest    conftest.c  >&5
configure:18852: $? = 0
configure:18852: ./conftest
configure:18852: $? = 0
configure:18866: result: yes
configure:18876: checking for pthread_create in -lpthread
configure:18905: gcc -o conftest    conftest.c -lpthread   >&5
configure:18905: $? = 0
configure:18917: result: yes
configure:18927: checking for clock_gettime in -lrt
configure:18956: gcc -o conftest    conftest.c -lrt  -lpthread  >&5
configure:18956: $? = 0
configure:18968: result: yes
configure:18978: checking for timer_delete in -lrt
configure:19007: gcc -o conftest    conftest.c -lrt  -lrt -lpthread  >&5
configure:19007: $? = 0
configure:19019: result: yes
configure:19036: checking for aligned_alloc
configure:19036: gcc -o conftest    conftest.c -lrt -lrt -lpthread  >&5
conftest.c:81:6: warning: conflicting types for built-in function 'aligned_alloc'; expected 'void *(long unsigned int,  long unsigned int)' [-Wbuiltin-declaration-mismatch]
   81 | char aligned_alloc (void);
      |      ^~~~~~~~~~~~~
conftest.c:73:1: note: 'aligned_alloc' is declared in header '<stdlib.h>'
   72 | #include <limits.h>
   73 | #undef aligned_alloc
configure:19036: $? = 0
configure:19036: result: yes
configure:19042: checking for clock_gettime
configure:19042: gcc -o conftest    conftest.c -lrt -lrt -lpthread  >&5
configure:19042: $? = 0
configure:19042: result: yes
configure:19048: checking for copy_file_range
configure:19048: gcc -o conftest    conftest.c -lrt -lrt -lpthread  >&5
configure:19048: $? = 0
configure:19048: result: yes
configure:19054: checking for epoll_create
configure:19054: gcc -o conftest    conftest.c -lrt -lrt -lpthread  >&5
configure:19054: $? = 0
configure:19054: result: yes
configure:19060: checking for epoll_pwait
configure:19060: gcc -o conftest    conftest.c -lrt -lrt -lpthread  >&5
configure:19060: $? = 0
configure:19060: result: yes
configure:19066: checking for getaddrinfo
configure:19066: gcc -o conftest    conftest.c -lrt -lrt -lpthread  >&5
configure:19066: $? = 0
configure:19066: result: yes
configure:19072: checking for klogctl
configure:19072: gcc -o conftest    conftest.c -lrt -lrt -lpthread  >&5
configure:19072: $? = 0
configure:19072: result: yes
configure:19078: checking for mallinfo
configure:19078: gcc -o conftest    conftest.c -lrt -lrt -lpthread  >&5
configure:19078: $? = 0
configure:19078: result: yes
configure:19084: checking for mallinfo2
configure:19084: gcc -o conftest    conftest.c -lrt -lrt -lpthread  >&5
configure:19084: $? = 0
configure:19084: result: yes
configure:19090: checking for memchr
configure:19090: gcc -o conftest    conftest.c -lrt -lrt -lpthread  >&5
conftest.c:90:6: warning: conflicting types for built-in function 'memchr'; expected 'void *(const void *, int,  long unsigned int)' [-Wbuiltin-declaration-mismatch]
   90 | char memchr (void);
      |      ^~~~~~
conftest.c:82:1: note: 'memchr' is declared in header '<string.h>'
   81 | #include <limits.h>
   82 | #undef memchr
configure:19090: $? = 0
configure:19090: result: yes
configure:19096: checking for memfd_create
configure:19096: gcc -o conftest    conftest.c -lrt -lrt -lpthread  >&5
configure:19096: $? = 0
configure:19096: result: yes
configure:19102: checking for memset
configure:19102: gcc -o conftest    conftest.c -lrt -lrt -lpthread  >&5
conftest.c:92:6: warning: conflicting types for built-in function 'memset'; expected 'void *(void *, int,  long unsigned int)' [-Wbuiltin-declaration-mismatch]
   92 | char memset (void);
      |      ^~~~~~
conftest.c:84:1: note: 'memset' is declared in header '<string.h>'
   83 | #include <limits.h>
   84 | #undef memset
configure:19102: $? = 0
configure:19102: result: yes
configure:19108: checking for mkdir
configure:19108: gcc -o conftest    conftest.c -lrt -lrt -lpthread  >&5
configure:19108: $? = 0
configure:19108: result: yes
configure:19114: checking for mremap
configure:19114: gcc -o conftest    conftest.c -lrt -lrt -lpthread  >&5
configure:19114: $? = 0
configure:19114: result: yes
configure:19120: checking for pipe2
configure:19120: gcc -o conftest    conftest.c -lrt -lrt -lpthread  >&5
configure:19120: $? = 0
configure:19120: result: yes
configure:19126: checking for ppoll
configure:19126: gcc -o conftest    conftest.c -lrt -lrt -lpthread  >&5
configure:19126: $? = 0
configure:19126: result: yes
configure:19132: checking for preadv
configure:19132: gcc -o conftest    conftest.c -lrt -lrt -lpthread  >&5
configure:19132: $? = 0
configure:19132: result: yes
configure:19138: checking for preadv2
configure:19138: gcc -o conftest    conftest.c -lrt -lrt -lpthread  >&5
configure:19138: $? = 0
configure:19138: result: yes
configure:19144: checking for process_vm_readv
configure:19144: gcc -o conftest    conftest.c -lrt -lrt -lpthread  >&5
configure:19144: $? = 0
configure:19144: result: yes
configure:19150: checking for process_vm_writev
configure:19150: gcc -o conftest    conftest.c -lrt -lrt -lpthread  >&5
configure:19150: $? = 0
configure:19150: result: yes
configure:19156: checking for pthread_barrier_init
configure:19156: gcc -o conftest    conftest.c -lrt -lrt -lpthread  >&5
configure:19156: $? = 0
configure:19156: result: yes
configure:19162: checking for pthread_condattr_setclock
configure:19162: gcc -o conftest    conftest.c -lrt -lrt -lpthread  >&5
configure:19162: $? = 0
configure:19162: result: yes
configure:19168: checking for pthread_mutex_timedlock
configure:19168: gcc -o conftest    conftest.c -lrt -lrt -lpthread  >&5
configure:19168: $? = 0
configure:19168: result: yes
configure:19174: checking for pthread_rwlock_timedrdlock
configure:19174: gcc -o conftest    conftest.c -lrt -lrt -lpthread  >&5
configure:19174: $? = 0
configure:19174: result: yes
configure:19180: checking for pthread_rwlock_timedwrlock
configure:19180: gcc -o conftest    conftest.c -lrt -lrt -lpthread  >&5
configure:19180: $? = 0
configure:19180: result: yes
configure:19186: checking for pthread_setname_np
configure:19186: gcc -o conftest    conftest.c -lrt -lrt -lpthread  >&5
configure:19186: $? = 0
configure:19186: result: yes
configure:19192: checking for pthread_spin_lock
configure:19192: gcc -o conftest    conftest.c -lrt -lrt -lpthread  >&5
configure:19192: $? = 0
configure:19192: result: yes
configure:19198: checking for pthread_yield
configure:19198: gcc -o conftest    conftest.c -lrt -lrt -lpthread  >&5
/usr/bin/ld: /tmp/ccYDdHSM.o: in function `main':
conftest.c:(.text+0x9): undefined reference to `pthread_yield'
collect2: error: ld returned 1 exit status
configure:19198: $? = 1
configure: failed program was:
| /* confdefs.h */
| #define PACKAGE_NAME "Valgrind"
| #define PACKAGE_TARNAME "valgrind"
| #define PACKAGE_VERSION "3.26.0"
| #define PACKAGE_STRING "Valgrind 3.26.0"
| #define PACKAGE_BUGREPORT "valgrind-users@lists.sourceforge.net"
| #define PACKAGE_URL ""
| #define PACKAGE "valgrind"
| #define VERSION "3.26.0"
| #define GDB_PATH "/usr/bin/gdb"
| #define VG_TMPDIR "/tmp"
| #define HAVE_STDIO_H 1
| #define HAVE_STDLIB_H 1
| #define HAVE_STRING_H 1
| #define HAVE_INTTYPES_H 1
| #define HAVE_STDINT_H 1
| #define HAVE_STRINGS_H 1
| #define HAVE_SYS_STAT_H 1
| #define HAVE_SYS_TYPES_H 1
| #define HAVE_UNISTD_H 1
| #define HAVE_SYS_TIME_H 1
| #define HAVE_SYS_PARAM_H 1
| #define STDC_HEADERS 1
| #define HAVE_HEADER_FEATURES_H 1
| #define GLIBC_MANDATORY_STRLEN_REDIRECT 1
| #define GLIBC_MANDATORY_INDEX_AND_STRLEN_REDIRECT 1
| #define HAVE_PTRACE_GETREGS 1
| #define HAVE_CLOCK_MONOTONIC 1
| #define HAVE_ELF32_CHDR 1
| #define HAVE_ELF64_CHDR 1
| #define HAVE_PTHREAD_RWLOCK_T 1
| #define HAVE_CLOCKID_T 1
| #define HAVE_PTHREAD_MUTEX_ADAPTIVE_NP 1
| #define HAVE_PTHREAD_MUTEX_ERRORCHECK_NP 1
| #define HAVE_PTHREAD_MUTEX_RECURSIVE_NP 1
| #define HAVE_PTHREAD_RECURSIVE_MUTEX_INITIALIZER_NP 1
| #define HAVE_PTHREAD_MUTEX_T__DATA__KIND 1
| #define HAVE_DLINFO_RTLD_DI_TLS_MODID 1
| #define HAVE_EVENTFD 1
| #define HAVE_EVENTFD_READ 1
| #define HAVE_SYS_USER_REGS 1
| #define HAVE_AS_AMD64_FXSAVE64 1
| #define HAVE_TLS 1
| #define HAVE_ASM_UNISTD_H 1
| #define HAVE_ENDIAN_H 1
| #define HAVE_MQUEUE_H 1
| #define HAVE_SYS_EPOLL_H 1
| #define HAVE_SYS_EVENTFD_H 1
| #define HAVE_SYS_KLOG_H 1
| #define HAVE_SYS_POLL_H 1
| #define HAVE_SYS_PRCTL_H 1
| #define HAVE_SYS_SIGNAL_H 1
| #define HAVE_SYS_SIGNALFD_H 1
| #define HAVE_SYS_SYSCALL_H 1
| #define HAVE_SYS_TIME_H 1
| #define HAVE_SYS_TYPES_H 1
| #define HAVE_USABLE_LINUX_FUTEX_H 1
| #define HAVE_STRUCT_STATX_IN_SYS_STAT_H 1
| #define HAVE_GETPAGESIZE 1
| #define HAVE_MMAP 1
| #define HAVE_LIBPTHREAD 1
| #define HAVE_LIBRT 1
| #define HAVE_LIBRT 1
| #define HAVE_ALIGNED_ALLOC 1
| #define HAVE_CLOCK_GETTIME 1
| #define HAVE_COPY_FILE_RANGE 1
| #define HAVE_EPOLL_CREATE 1
| #define HAVE_EPOLL_PWAIT 1
| #define HAVE_GETADDRINFO 1
| #define HAVE_KLOGCTL 1
| #define HAVE_MALLINFO 1
| #define HAVE_MALLINFO2 1
| #define HAVE_MEMCHR 1
| #define HAVE_MEMFD_CREATE 1
| #define HAVE_MEMSET 1
| #define HAVE_MKDIR 1
| #define HAVE_MREMAP 1
| #define HAVE_PIPE2 1
| #define HAVE_PPOLL 1
| #define HAVE_PREADV 1
| #define HAVE_PREADV2 1
| #define HAVE_PROCESS_VM_READV 1
| #define HAVE_PROCESS_VM_WRITEV 1
| #define HAVE_PTHREAD_BARRIER_INIT 1
| #define HAVE_PTHREAD_CONDATTR_SETCLOCK 1
| #define HAVE_PTHREAD_MUTEX_TIMEDLOCK 1
| #define HAVE_PTHREAD_RWLOCK_TIMEDRDLOCK 1
| #define HAVE_PTHREAD_RWLOCK_TIMEDWRLOCK 1
| #define HAVE_PTHREAD_SETNAME_NP 1
| #define HAVE_PTHREAD_SPIN_LOCK 1
| /* end confdefs.h.  */
| /* Define pthread_yield to an innocuous variant, in case <limits.h> declares pthread_yield.
|    For example, HP-UX 11i <limits.h> declares gettimeofday.  */
| #define pthread_yield innocuous_pthread_yield
| 
| /* System header to define __stub macros and hopefully few prototypes,
|    which can conflict with char pthread_yield (void); below.  */
| 
| #include <limits.h>
| #undef pthread_yield
| 
| /* Override any GCC internal prototype to avoid an error.
|    Use char because int might match the return type of a GCC
|    builtin and then its argument prototype would still apply.  */
| #ifdef __cplusplus
| extern "C"
| #endif
| char pthread_yield (void);
| /* The GNU C library defines this for functions which it implements
|     to always fail with ENOSYS.  Some functions are actually named
|     something starting with __ and the normal name is an alias.  */
| #if defined __stub_pthread_yield || defined __stub___pthread_yield
| choke me
| #endif
| 
| int
| main (void)
| {
| return pthread_yield ();
|   ;
|   return 0;
| }
configure:19198: result: no
configure:19204: checking for pwritev
configure:19204: gcc -o conftest    conftest.c -lrt -lrt -lpthread  >&5
configure:19204: $? = 0
configure:19204: result: yes
configure:19210: checking for pwritev2
configure:19210: gcc -o conftest    conftest.c -lrt -lrt -lpthread  >&5
configure:19210: $? = 0
configure:19210: result: yes
configure:19216: checking for rawmemchr
configure:19216: gcc -o conftest    conftest.c -lrt -lrt -lpthread  >&5
configure:19216: $? = 0
configure:19216: result: yes
configure:19222: checking for readlinkat
configure:19222: gcc -o conftest    conftest.c -lrt -lrt -lpthread  >&5
configure:19222: $? = 0
configure:19222: result: yes
configure:19228: checking for reallocarray
configure:19228: gcc -o conftest    conftest.c -lrt -lrt -lpthread  >&5
configure:19228: $? = 0
configure:19228: result: yes
configure:19234: checking for semtimedop
configure:19234: gcc -o conftest    conftest.c -lrt -lrt -lpthread  >&5
configure:19234: $? = 0
configure:19234: result: yes
configure:19240: checking for setcontext
configure:19240: gcc -o conftest    conftest.c -lrt -lrt -lpthread  >&5
configure:19240: $? = 0
configure:19240: result: yes
configure:19246: checking for signalfd
configure:19246: gcc -o conftest    conftest.c -lrt -lrt -lpthread  >&5
configure:19246: $? = 0
configure:19246: result: yes
configure:19252: checking for sigwaitinfo
configure:19252: gcc -o conftest    conftest.c -lrt -lrt -lpthread  >&5
configure:19252: $? = 0
configure:19252: result: yes
configure:19258: checking for strchr
configure:19258: gcc -o conftest    conftest.c -lrt -lrt -lpthread  >&5
conftest.c:117:6: warning: conflicting types for built-in function 'strchr'; expected 'char *(const char *, int)' [-Wbuiltin-declaration-mismatch]
  117 | char strchr (void);
      |      ^~~~~~
conftest.c:109:1: note: 'strchr' is declared in header '<string.h>'
  108 | #include <limits.h>
  109 | #undef strchr
configure:19258: $? = 0
configure:19258: result: yes
configure:19264: checking for strdup
configure:19264: gcc -o conftest    conftest.c -lrt -lrt -lpthread  >&5
conftest.c:118:6: warning: conflicting types for built-in function 'strdup'; expected 'char *(const char *)' [-Wbuiltin-declaration-mismatch]
  118 | char strdup (void);
      |      ^~~~~~
configure:19264: $? = 0
configure:19264: result: yes
configure:19270: checking for strpbrk
configure:19270: gcc -o conftest    conftest.c -lrt -lrt -lpthread  >&5
conftest.c:119:6: warning: conflicting types for built-in function 'strpbrk'; expected 'char *(const char *, const char *)' [-Wbuiltin-declaration-mismatch]
  119 | char strpbrk (void);
      |      ^~~~~~~
conftest.c:111:1: note: 'strpbrk' is declared in header '<string.h>'
  110 | #include <limits.h>
  111 | #undef strpbrk
configure:19270: $? = 0
configure:19270: result: yes
configure:19276: checking for strrchr
configure:19276: gcc -o conftest    conftest.c -lrt -lrt -lpthread  >&5
conftest.c:120:6: warning: conflicting types for built-in function 'strrchr'; expected 'char *(const char *, int)' [-Wbuiltin-declaration-mismatch]
  120 | char strrchr (void);
      |      ^~~~~~~
conftest.c:112:1: note: 'strrchr' is declared in header '<string.h>'
  111 | #include <limits.h>
  112 | #undef strrchr
configure:19276: $? = 0
configure:19276: result: yes
configure:19282: checking for strstr
configure:19282: gcc -o conftest    conftest.c -lrt -lrt -lpthread  >&5
conftest.c:121:6: warning: conflicting types for built-in function 'strstr'; expected 'char *(const char *, const char *)' [-Wbuiltin-declaration-mismatch]
  121 | char strstr (void);
      |      ^~~~~~
conftest.c:113:1: note: 'strstr' is declared in header '<string.h>'
  112 | #include <limits.h>
  113 | #undef strstr
configure:19282: $? = 0
configure:19282: result: yes
configure:19288: checking for swapcontext
configure:19288: gcc -o conftest    conftest.c -lrt -lrt -lpthread  >&5
configure:19288: $? = 0
configure:19288: result: yes
configure:19294: checking for syscall
configure:19294: gcc -o conftest    conftest.c -lrt -lrt -lpthread  >&5
configure:19294: $? = 0
configure:19294: result: yes
configure:19300: checking for utimensat
configure:19300: gcc -o conftest    conftest.c -lrt -lrt -lpthread  >&5
configure:19300: $? = 0
configure:19300: result: yes
configure:19306: checking for mempcpy
configure:19306: gcc -o conftest    conftest.c -lrt -lrt -lpthread  >&5
conftest.c:125:6: warning: conflicting types for built-in function 'mempcpy'; expected 'void *(void *, const void *, long unsigned int)' [-Wbuiltin-declaration-mismatch]
  125 | char mempcpy (void);
      |      ^~~~~~~
configure:19306: $? = 0
configure:19306: result: yes
configure:19312: checking for strlcat
configure:19312: gcc -o conftest    conftest.c -lrt -lrt -lpthread  >&5
/usr/bin/ld: /tmp/ccR0Onaa.o: in function `main':
conftest.c:(.text+0x9): undefined reference to `strlcat'
collect2: error: ld returned 1 exit status
configure:19312: $? = 1
configure: failed program was:
| /* confdefs.h */
| #define PACKAGE_NAME "Valgrind"
| #define PACKAGE_TARNAME "valgrind"
| #define PACKAGE_VERSION "3.26.0"
| #define PACKAGE_STRING "Valgrind 3.26.0"
| #define PACKAGE_BUGREPORT "valgrind-users@lists.sourceforge.net"
| #define PACKAGE_URL ""
| #define PACKAGE "valgrind"
| #define VERSION "3.26.0"
| #define GDB_PATH "/usr/bin/gdb"
| #define VG_TMPDIR "/tmp"
| #define HAVE_STDIO_H 1
| #define HAVE_STDLIB_H 1
| #define HAVE_STRING_H 1
| #define HAVE_INTTYPES_H 1
| #define HAVE_STDINT_H 1
| #define HAVE_STRINGS_H 1
| #define HAVE_SYS_STAT_H 1
| #define HAVE_SYS_TYPES_H 1
| #define HAVE_UNISTD_H 1
| #define HAVE_SYS_TIME_H 1
| #define HAVE_SYS_PARAM_H 1
| #define STDC_HEADERS 1
| #define HAVE_HEADER_FEATURES_H 1
| #define GLIBC_MANDATORY_STRLEN_REDIRECT 1
| #define GLIBC_MANDATORY_INDEX_AND_STRLEN_REDIRECT 1
| #define HAVE_PTRACE_GETREGS 1
| #define HAVE_CLOCK_MONOTONIC 1
| #define HAVE_ELF32_CHDR 1
| #define HAVE_ELF64_CHDR 1
| #define HAVE_PTHREAD_RWLOCK_T 1
| #define HAVE_CLOCKID_T 1
| #define HAVE_PTHREAD_MUTEX_ADAPTIVE_NP 1
| #define HAVE_PTHREAD_MUTEX_ERRORCHECK_NP 1
| #define HAVE_PTHREAD_MUTEX_RECURSIVE_NP 1
| #define HAVE_PTHREAD_RECURSIVE_MUTEX_INITIALIZER_NP 1
| #define HAVE_PTHREAD_MUTEX_T__DATA__KIND 1
| #define HAVE_DLINFO_RTLD_DI_TLS_MODID 1
| #define HAVE_EVENTFD 1
| #define HAVE_EVENTFD_READ 1
| #define HAVE_SYS_USER_REGS 1
| #define HAVE_AS_AMD64_FXSAVE64 1
| #define HAVE_TLS 1
| #define HAVE_ASM_UNISTD_H 1
| #define HAVE_ENDIAN_H 1
| #define HAVE_MQUEUE_H 1
| #define HAVE_SYS_EPOLL_H 1
| #define HAVE_SYS_EVENTFD_H 1
| #define HAVE_SYS_KLOG_H 1
| #define HAVE_SYS_POLL_H 1
| #define HAVE_SYS_PRCTL_H 1
| #define HAVE_SYS_SIGNAL_H 1
| #define HAVE_SYS_SIGNALFD_H 1
| #define HAVE_SYS_SYSCALL_H 1
| #define HAVE_SYS_TIME_H 1
| #define HAVE_SYS_TYPES_H 1
| #define HAVE_USABLE_LINUX_FUTEX_H 1
| #define HAVE_STRUCT_STATX_IN_SYS_STAT_H 1
| #define HAVE_GETPAGESIZE 1
| #define HAVE_MMAP 1
| #define HAVE_LIBPTHREAD 1
| #define HAVE_LIBRT 1
| #define HAVE_LIBRT 1
| #define HAVE_ALIGNED_ALLOC 1
| #define HAVE_CLOCK_GETTIME 1
| #define HAVE_COPY_FILE_RANGE 1
| #define HAVE_EPOLL_CREATE 1
| #define HAVE_EPOLL_PWAIT 1
| #define HAVE_GETADDRINFO 1
| #define HAVE_KLOGCTL 1
| #define HAVE_MALLINFO 1
| #define HAVE_MALLINFO2 1
| #define HAVE_MEMCHR 1
| #define HAVE_MEMFD_CREATE 1
| #define HAVE_MEMSET 1
| #define HAVE_MKDIR 1
| #define HAVE_MREMAP 1
| #define HAVE_PIPE2 1
| #define HAVE_PPOLL 1
| #define HAVE_PREADV 1
| #define HAVE_PREADV2 1
| #define HAVE_PROCESS_VM_READV 1
| #define HAVE_PROCESS_VM_WRITEV 1
| #define HAVE_PTHREAD_BARRIER_INIT 1
| #define HAVE_PTHREAD_CONDATTR_SETCLOCK 1
| #define HAVE_PTHREAD_MUTEX_TIMEDLOCK 1
| #define HAVE_PTHREAD_RWLOCK_TIMEDRDLOCK 1
| #define HAVE_PTHREAD_RWLOCK_TIMEDWRLOCK 1
| #define HAVE_PTHREAD_SETNAME_NP 1
| #define HAVE_PTHREAD_SPIN_LOCK 1
| #define HAVE_PWRITEV 1
| #define HAVE_PWRITEV2 1
| #define HAVE_RAWMEMCHR 1
| #define HAVE_READLINKAT 1
| #define HAVE_REALLOCARRAY 1
| #define HAVE_SEMTIMEDOP 1
| #define HAVE_SETCONTEXT 1
| #define HAVE_SIGNALFD 1
| #define HAVE_SIGWAITINFO 1
| #define HAVE_STRCHR 1
| #define HAVE_STRDUP 1
| #define HAVE_STRPBRK 1
| #define HAVE_STRRCHR 1
| #define HAVE_STRSTR 1
| #define HAVE_SWAPCONTEXT 1
| #define HAVE_SYSCALL 1
| #define HAVE_UTIMENSAT 1
| #define HAVE_MEMPCPY 1
| /* end confdefs.h.  */
| /* Define strlcat to an innocuous variant, in case <limits.h> declares strlcat.
|    For example, HP-UX 11i <limits.h> declares gettimeofday.  */
| #define strlcat innocuous_strlcat
| 
| /* System header to define __stub macros and hopefully few prototypes,
|    which can conflict with char strlcat (void); below.  */
| 
| #include <limits.h>
| #undef strlcat
| 
| /* Override any GCC internal prototype to avoid an error.
|    Use char because int might match the return type of a GCC
|    builtin and then its argument prototype would still apply.  */
| #ifdef __cplusplus
| extern "C"
| #endif
| char strlcat (void);
| /* The GNU C library defines this for functions which it implements
|     to always fail with ENOSYS.  Some functions are actually named
|     something starting with __ and the normal name is an alias.  */
| #if defined __stub_strlcat || defined __stub___strlcat
| choke me
| #endif
| 
| int
| main (void)
| {
| return strlcat ();
|   ;
|   return 0;
| }
configure:19312: result: no
configure:19318: checking for strlcpy
configure:19318: gcc -o conftest    conftest.c -lrt -lrt -lpthread  >&5
/usr/bin/ld: /tmp/cc84AClf.o: in function `main':
conftest.c:(.text+0x9): undefined reference to `strlcpy'
collect2: error: ld returned 1 exit status
configure:19318: $? = 1
configure: failed program was:
| /* confdefs.h */
| #define PACKAGE_NAME "Valgrind"
| #define PACKAGE_TARNAME "valgrind"
| #define PACKAGE_VERSION "3.26.0"
| #define PACKAGE_STRING "Valgrind 3.26.0"
| #define PACKAGE_BUGREPORT "valgrind-users@lists.sourceforge.net"
| #define PACKAGE_URL ""
| #define PACKAGE "valgrind"
| #define VERSION "3.26.0"
| #define GDB_PATH "/usr/bin/gdb"
| #define VG_TMPDIR "/tmp"
| #define HAVE_STDIO_H 1
| #define HAVE_STDLIB_H 1
| #define HAVE_STRING_H 1
| #define HAVE_INTTYPES_H 1
| #define HAVE_STDINT_H 1
| #define HAVE_STRINGS_H 1
| #define HAVE_SYS_STAT_H 1
| #define HAVE_SYS_TYPES_H 1
| #define HAVE_UNISTD_H 1
| #define HAVE_SYS_TIME_H 1
| #define HAVE_SYS_PARAM_H 1
| #define STDC_HEADERS 1
| #define HAVE_HEADER_FEATURES_H 1
| #define GLIBC_MANDATORY_STRLEN_REDIRECT 1
| #define GLIBC_MANDATORY_INDEX_AND_STRLEN_REDIRECT 1
| #define HAVE_PTRACE_GETREGS 1
| #define HAVE_CLOCK_MONOTONIC 1
| #define HAVE_ELF32_CHDR 1
| #define HAVE_ELF64_CHDR 1
| #define HAVE_PTHREAD_RWLOCK_T 1
| #define HAVE_CLOCKID_T 1
| #define HAVE_PTHREAD_MUTEX_ADAPTIVE_NP 1
| #define HAVE_PTHREAD_MUTEX_ERRORCHECK_NP 1
| #define HAVE_PTHREAD_MUTEX_RECURSIVE_NP 1
| #define HAVE_PTHREAD_RECURSIVE_MUTEX_INITIALIZER_NP 1
| #define HAVE_PTHREAD_MUTEX_T__DATA__KIND 1
| #define HAVE_DLINFO_RTLD_DI_TLS_MODID 1
| #define HAVE_EVENTFD 1
| #define HAVE_EVENTFD_READ 1
| #define HAVE_SYS_USER_REGS 1
| #define HAVE_AS_AMD64_FXSAVE64 1
| #define HAVE_TLS 1
| #define HAVE_ASM_UNISTD_H 1
| #define HAVE_ENDIAN_H 1
| #define HAVE_MQUEUE_H 1
| #define HAVE_SYS_EPOLL_H 1
| #define HAVE_SYS_EVENTFD_H 1
| #define HAVE_SYS_KLOG_H 1
| #define HAVE_SYS_POLL_H 1
| #define HAVE_SYS_PRCTL_H 1
| #define HAVE_SYS_SIGNAL_H 1
| #define HAVE_SYS_SIGNALFD_H 1
| #define HAVE_SYS_SYSCALL_H 1
| #define HAVE_SYS_TIME_H 1
| #define HAVE_SYS_TYPES_H 1
| #define HAVE_USABLE_LINUX_FUTEX_H 1
| #define HAVE_STRUCT_STATX_IN_SYS_STAT_H 1
| #define HAVE_GETPAGESIZE 1
| #define HAVE_MMAP 1
| #define HAVE_LIBPTHREAD 1
| #define HAVE_LIBRT 1
| #define HAVE_LIBRT 1
| #define HAVE_ALIGNED_ALLOC 1
| #define HAVE_CLOCK_GETTIME 1
| #define HAVE_COPY_FILE_RANGE 1
| #define HAVE_EPOLL_CREATE 1
| #define HAVE_EPOLL_PWAIT 1
| #define HAVE_GETADDRINFO 1
| #define HAVE_KLOGCTL 1
| #define HAVE_MALLINFO 1
| #define HAVE_MALLINFO2 1
| #define HAVE_MEMCHR 1
| #define HAVE_MEMFD_CREATE 1
| #define HAVE_MEMSET 1
| #define HAVE_MKDIR 1
| #define HAVE_MREMAP 1
| #define HAVE_PIPE2 1
| #define HAVE_PPOLL 1
| #define HAVE_PREADV 1
| #define HAVE_PREADV2 1
| #define HAVE_PROCESS_VM_READV 1
| #define HAVE_PROCESS_VM_WRITEV 1
| #define HAVE_PTHREAD_BARRIER_INIT 1
| #define HAVE_PTHREAD_CONDATTR_SETCLOCK 1
| #define HAVE_PTHREAD_MUTEX_TIMEDLOCK 1
| #define HAVE_PTHREAD_RWLOCK_TIMEDRDLOCK 1
| #define HAVE_PTHREAD_RWLOCK_TIMEDWRLOCK 1
| #define HAVE_PTHREAD_SETNAME_NP 1
| #define HAVE_PTHREAD_SPIN_LOCK 1
| #define HAVE_PWRITEV 1
| #define HAVE_PWRITEV2 1
| #define HAVE_RAWMEMCHR 1
| #define HAVE_READLINKAT 1
| #define HAVE_REALLOCARRAY 1
| #define HAVE_SEMTIMEDOP 1
| #define HAVE_SETCONTEXT 1
| #define HAVE_SIGNALFD 1
| #define HAVE_SIGWAITINFO 1
| #define HAVE_STRCHR 1
| #define HAVE_STRDUP 1
| #define HAVE_STRPBRK 1
| #define HAVE_STRRCHR 1
| #define HAVE_STRSTR 1
| #define HAVE_SWAPCONTEXT 1
| #define HAVE_SYSCALL 1
| #define HAVE_UTIMENSAT 1
| #define HAVE_MEMPCPY 1
| /* end confdefs.h.  */
| /* Define strlcpy to an innocuous variant, in case <limits.h> declares strlcpy.
|    For example, HP-UX 11i <limits.h> declares gettimeofday.  */
| #define strlcpy innocuous_strlcpy
| 
| /* System header to define __stub macros and hopefully few prototypes,
|    which can conflict with char strlcpy (void); below.  */
| 
| #include <limits.h>
| #undef strlcpy
| 
| /* Override any GCC internal prototype to avoid an error.
|    Use char because int might match the return type of a GCC
|    builtin and then its argument prototype would still apply.  */
| #ifdef __cplusplus
| extern "C"
| #endif
| char strlcpy (void);
| /* The GNU C library defines this for functions which it implements
|     to always fail with ENOSYS.  Some functions are actually named
|     something starting with __ and the normal name is an alias.  */
| #if defined __stub_strlcpy || defined __stub___strlcpy
| choke me
| #endif
| 
| int
| main (void)
| {
| return strlcpy ();
|   ;
|   return 0;
| }
configure:19318: result: no
configure:19324: checking for stpncpy
configure:19324: gcc -o conftest    conftest.c -lrt -lrt -lpthread  >&5
conftest.c:126:6: warning: conflicting types for built-in function 'stpncpy'; expected 'char *(char *, const char *, long unsigned int)' [-Wbuiltin-declaration-mismatch]
  126 | char stpncpy (void);
      |      ^~~~~~~
configure:19324: $? = 0
configure:19324: result: yes
configure:19330: checking for strchrnul
configure:19330: gcc -o conftest    conftest.c -lrt -lrt -lpthread  >&5
configure:19330: $? = 0
configure:19330: result: yes
configure:19336: checking for memrchr
configure:19336: gcc -o conftest    conftest.c -lrt -lrt -lpthread  >&5
configure:19336: $? = 0
configure:19336: result: yes
configure:19342: checking for strndup
configure:19342: gcc -o conftest    conftest.c -lrt -lrt -lpthread  >&5
conftest.c:129:6: warning: conflicting types for built-in function 'strndup'; expected 'char *(const char *, long unsigned int)' [-Wbuiltin-declaration-mismatch]
  129 | char strndup (void);
      |      ^~~~~~~
configure:19342: $? = 0
configure:19342: result: yes
configure:19348: checking for close_range
configure:19348: gcc -o conftest    conftest.c -lrt -lrt -lpthread  >&5
configure:19348: $? = 0
configure:19348: result: yes
configure:19354: checking for wcsncpy
configure:19354: gcc -o conftest    conftest.c -lrt -lrt -lpthread  >&5
configure:19354: $? = 0
configure:19354: result: yes
configure:19360: checking for free_aligned_sized
configure:19360: gcc -o conftest    conftest.c -lrt -lrt -lpthread  >&5
/usr/bin/ld: /tmp/ccajxEzr.o: in function `main':
conftest.c:(.text+0x9): undefined reference to `free_aligned_sized'
collect2: error: ld returned 1 exit status
configure:19360: $? = 1
configure: failed program was:
| /* confdefs.h */
| #define PACKAGE_NAME "Valgrind"
| #define PACKAGE_TARNAME "valgrind"
| #define PACKAGE_VERSION "3.26.0"
| #define PACKAGE_STRING "Valgrind 3.26.0"
| #define PACKAGE_BUGREPORT "valgrind-users@lists.sourceforge.net"
| #define PACKAGE_URL ""
| #define PACKAGE "valgrind"
| #define VERSION "3.26.0"
| #define GDB_PATH "/usr/bin/gdb"
| #define VG_TMPDIR "/tmp"
| #define HAVE_STDIO_H 1
| #define HAVE_STDLIB_H 1
| #define HAVE_STRING_H 1
| #define HAVE_INTTYPES_H 1
| #define HAVE_STDINT_H 1
| #define HAVE_STRINGS_H 1
| #define HAVE_SYS_STAT_H 1
| #define HAVE_SYS_TYPES_H 1
| #define HAVE_UNISTD_H 1
| #define HAVE_SYS_TIME_H 1
| #define HAVE_SYS_PARAM_H 1
| #define STDC_HEADERS 1
| #define HAVE_HEADER_FEATURES_H 1
| #define GLIBC_MANDATORY_STRLEN_REDIRECT 1
| #define GLIBC_MANDATORY_INDEX_AND_STRLEN_REDIRECT 1
| #define HAVE_PTRACE_GETREGS 1
| #define HAVE_CLOCK_MONOTONIC 1
| #define HAVE_ELF32_CHDR 1
| #define HAVE_ELF64_CHDR 1
| #define HAVE_PTHREAD_RWLOCK_T 1
| #define HAVE_CLOCKID_T 1
| #define HAVE_PTHREAD_MUTEX_ADAPTIVE_NP 1
| #define HAVE_PTHREAD_MUTEX_ERRORCHECK_NP 1
| #define HAVE_PTHREAD_MUTEX_RECURSIVE_NP 1
| #define HAVE_PTHREAD_RECURSIVE_MUTEX_INITIALIZER_NP 1
| #define HAVE_PTHREAD_MUTEX_T__DATA__KIND 1
| #define HAVE_DLINFO_RTLD_DI_TLS_MODID 1
| #define HAVE_EVENTFD 1
| #define HAVE_EVENTFD_READ 1
| #define HAVE_SYS_USER_REGS 1
| #define HAVE_AS_AMD64_FXSAVE64 1
| #define HAVE_TLS 1
| #define HAVE_ASM_UNISTD_H 1
| #define HAVE_ENDIAN_H 1
| #define HAVE_MQUEUE_H 1
| #define HAVE_SYS_EPOLL_H 1
| #define HAVE_SYS_EVENTFD_H 1
| #define HAVE_SYS_KLOG_H 1
| #define HAVE_SYS_POLL_H 1
| #define HAVE_SYS_PRCTL_H 1
| #define HAVE_SYS_SIGNAL_H 1
| #define HAVE_SYS_SIGNALFD_H 1
| #define HAVE_SYS_SYSCALL_H 1
| #define HAVE_SYS_TIME_H 1
| #define HAVE_SYS_TYPES_H 1
| #define HAVE_USABLE_LINUX_FUTEX_H 1
| #define HAVE_STRUCT_STATX_IN_SYS_STAT_H 1
| #define HAVE_GETPAGESIZE 1
| #define HAVE_MMAP 1
| #define HAVE_LIBPTHREAD 1
| #define HAVE_LIBRT 1
| #define HAVE_LIBRT 1
| #define HAVE_ALIGNED_ALLOC 1
| #define HAVE_CLOCK_GETTIME 1
| #define HAVE_COPY_FILE_RANGE 1
| #define HAVE_EPOLL_CREATE 1
| #define HAVE_EPOLL_PWAIT 1
| #define HAVE_GETADDRINFO 1
| #define HAVE_KLOGCTL 1
| #define HAVE_MALLINFO 1
| #define HAVE_MALLINFO2 1
| #define HAVE_MEMCHR 1
| #define HAVE_MEMFD_CREATE 1
| #define HAVE_MEMSET 1
| #define HAVE_MKDIR 1
| #define HAVE_MREMAP 1
| #define HAVE_PIPE2 1
| #define HAVE_PPOLL 1
| #define HAVE_PREADV 1
| #define HAVE_PREADV2 1
| #define HAVE_PROCESS_VM_READV 1
| #define HAVE_PROCESS_VM_WRITEV 1
| #define HAVE_PTHREAD_BARRIER_INIT 1
| #define HAVE_PTHREAD_CONDATTR_SETCLOCK 1
| #define HAVE_PTHREAD_MUTEX_TIMEDLOCK 1
| #define HAVE_PTHREAD_RWLOCK_TIMEDRDLOCK 1
| #define HAVE_PTHREAD_RWLOCK_TIMEDWRLOCK 1
| #define HAVE_PTHREAD_SETNAME_NP 1
| #define HAVE_PTHREAD_SPIN_LOCK 1
| #define HAVE_PWRITEV 1
| #define HAVE_PWRITEV2 1
| #define HAVE_RAWMEMCHR 1
| #define HAVE_READLINKAT 1
| #define HAVE_REALLOCARRAY 1
| #define HAVE_SEMTIMEDOP 1
| #define HAVE_SETCONTEXT 1
| #define HAVE_SIGNALFD 1
| #define HAVE_SIGWAITINFO 1
| #define HAVE_STRCHR 1
| #define HAVE_STRDUP 1
| #define HAVE_STRPBRK 1
| #define HAVE_STRRCHR 1
| #define HAVE_STRSTR 1
| #define HAVE_SWAPCONTEXT 1
| #define HAVE_SYSCALL 1
| #define HAVE_UTIMENSAT 1
| #define HAVE_MEMPCPY 1
| #define HAVE_STPNCPY 1
| #define HAVE_STRCHRNUL 1
| #define HAVE_MEMRCHR 1
| #define HAVE_STRNDUP 1
| #define HAVE_CLOSE_RANGE 1
| #define HAVE_WCSNCPY 1
| /* end confdefs.h.  */
| /* Define free_aligned_sized to an innocuous variant, in case <limits.h> declares free_aligned_sized.
|    For example, HP-UX 11i <limits.h> declares gettimeofday.  */
| #define free_aligned_sized innocuous_free_aligned_sized
| 
| /* System header to define __stub macros and hopefully few prototypes,
|    which can conflict with char free_aligned_sized (void); below.  */
| 
| #include <limits.h>
| #undef free_aligned_sized
| 
| /* Override any GCC internal prototype to avoid an error.
|    Use char because int might match the return type of a GCC
|    builtin and then its argument prototype would still apply.  */
| #ifdef __cplusplus
| extern "C"
| #endif
| char free_aligned_sized (void);
| /* The GNU C library defines this for functions which it implements
|     to always fail with ENOSYS.  Some functions are actually named
|     something starting with __ and the normal name is an alias.  */
| #if defined __stub_free_aligned_sized || defined __stub___free_aligned_sized
| choke me
| #endif
| 
| int
| main (void)
| {
| return free_aligned_sized ();
|   ;
|   return 0;
| }
configure:19360: result: no
configure:19366: checking for sbrk
configure:19366: gcc -o conftest    conftest.c -lrt -lrt -lpthread  >&5
configure:19366: $? = 0
configure:19366: result: yes
configure:19372: checking for wcpncpy
configure:19372: gcc -o conftest    conftest.c -lrt -lrt -lpthread  >&5
configure:19372: $? = 0
configure:19372: result: yes
configure:19378: checking for wcsxfrm
configure:19378: gcc -o conftest    conftest.c -lrt -lrt -lpthread  >&5
configure:19378: $? = 0
configure:19378: result: yes
configure:19384: checking for sem_timedwait
configure:19384: gcc -o conftest    conftest.c -lrt -lrt -lpthread  >&5
configure:19384: $? = 0
configure:19384: result: yes
configure:19390: checking for sem_clockwait_np
configure:19390: gcc -o conftest    conftest.c -lrt -lrt -lpthread  >&5
/usr/bin/ld: /tmp/ccHA0rXn.o: in function `main':
conftest.c:(.text+0x9): undefined reference to `sem_clockwait_np'
collect2: error: ld returned 1 exit status
configure:19390: $? = 1
configure: failed program was:
| /* confdefs.h */
| #define PACKAGE_NAME "Valgrind"
| #define PACKAGE_TARNAME "valgrind"
| #define PACKAGE_VERSION "3.26.0"
| #define PACKAGE_STRING "Valgrind 3.26.0"
| #define PACKAGE_BUGREPORT "valgrind-users@lists.sourceforge.net"
| #define PACKAGE_URL ""
| #define PACKAGE "valgrind"
| #define VERSION "3.26.0"
| #define GDB_PATH "/usr/bin/gdb"
| #define VG_TMPDIR "/tmp"
| #define HAVE_STDIO_H 1
| #define HAVE_STDLIB_H 1
| #define HAVE_STRING_H 1
| #define HAVE_INTTYPES_H 1
| #define HAVE_STDINT_H 1
| #define HAVE_STRINGS_H 1
| #define HAVE_SYS_STAT_H 1
| #define HAVE_SYS_TYPES_H 1
| #define HAVE_UNISTD_H 1
| #define HAVE_SYS_TIME_H 1
| #define HAVE_SYS_PARAM_H 1
| #define STDC_HEADERS 1
| #define HAVE_HEADER_FEATURES_H 1
| #define GLIBC_MANDATORY_STRLEN_REDIRECT 1
| #define GLIBC_MANDATORY_INDEX_AND_STRLEN_REDIRECT 1
| #define HAVE_PTRACE_GETREGS 1
| #define HAVE_CLOCK_MONOTONIC 1
| #define HAVE_ELF32_CHDR 1
| #define HAVE_ELF64_CHDR 1
| #define HAVE_PTHREAD_RWLOCK_T 1
| #define HAVE_CLOCKID_T 1
| #define HAVE_PTHREAD_MUTEX_ADAPTIVE_NP 1
| #define HAVE_PTHREAD_MUTEX_ERRORCHECK_NP 1
| #define HAVE_PTHREAD_MUTEX_RECURSIVE_NP 1
| #define HAVE_PTHREAD_RECURSIVE_MUTEX_INITIALIZER_NP 1
| #define HAVE_PTHREAD_MUTEX_T__DATA__KIND 1
| #define HAVE_DLINFO_RTLD_DI_TLS_MODID 1
| #define HAVE_EVENTFD 1
| #define HAVE_EVENTFD_READ 1
| #define HAVE_SYS_USER_REGS 1
| #define HAVE_AS_AMD64_FXSAVE64 1
| #define HAVE_TLS 1
| #define HAVE_ASM_UNISTD_H 1
| #define HAVE_ENDIAN_H 1
| #define HAVE_MQUEUE_H 1
| #define HAVE_SYS_EPOLL_H 1
| #define HAVE_SYS_EVENTFD_H 1
| #define HAVE_SYS_KLOG_H 1
| #define HAVE_SYS_POLL_H 1
| #define HAVE_SYS_PRCTL_H 1
| #define HAVE_SYS_SIGNAL_H 1
| #define HAVE_SYS_SIGNALFD_H 1
| #define HAVE_SYS_SYSCALL_H 1
| #define HAVE_SYS_TIME_H 1
| #define HAVE_SYS_TYPES_H 1
| #define HAVE_USABLE_LINUX_FUTEX_H 1
| #define HAVE_STRUCT_STATX_IN_SYS_STAT_H 1
| #define HAVE_GETPAGESIZE 1
| #define HAVE_MMAP 1
| #define HAVE_LIBPTHREAD 1
| #define HAVE_LIBRT 1
| #define HAVE_LIBRT 1
| #define HAVE_ALIGNED_ALLOC 1
| #define HAVE_CLOCK_GETTIME 1
| #define HAVE_COPY_FILE_RANGE 1
| #define HAVE_EPOLL_CREATE 1
| #define HAVE_EPOLL_PWAIT 1
| #define HAVE_GETADDRINFO 1
| #define HAVE_KLOGCTL 1
| #define HAVE_MALLINFO 1
| #define HAVE_MALLINFO2 1
| #define HAVE_MEMCHR 1
| #define HAVE_MEMFD_CREATE 1
| #define HAVE_MEMSET 1
| #define HAVE_MKDIR 1
| #define HAVE_MREMAP 1
| #define HAVE_PIPE2 1
| #define HAVE_PPOLL 1
| #define HAVE_PREADV 1
| #define HAVE_PREADV2 1
| #define HAVE_PROCESS_VM_READV 1
| #define HAVE_PROCESS_VM_WRITEV 1
| #define HAVE_PTHREAD_BARRIER_INIT 1
| #define HAVE_PTHREAD_CONDATTR_SETCLOCK 1
| #define HAVE_PTHREAD_MUTEX_TIMEDLOCK 1
| #define HAVE_PTHREAD_RWLOCK_TIMEDRDLOCK 1
| #define HAVE_PTHREAD_RWLOCK_TIMEDWRLOCK 1
| #define HAVE_PTHREAD_SETNAME_NP 1
| #define HAVE_PTHREAD_SPIN_LOCK 1
| #define HAVE_PWRITEV 1
| #define HAVE_PWRITEV2 1
| #define HAVE_RAWMEMCHR 1
| #define HAVE_READLINKAT 1
| #define HAVE_REALLOCARRAY 1
| #define HAVE_SEMTIMEDOP 1
| #define HAVE_SETCONTEXT 1
| #define HAVE_SIGNALFD 1
| #define HAVE_SIGWAITINFO 1
| #define HAVE_STRCHR 1
| #define HAVE_STRDUP 1
| #define HAVE_STRPBRK 1
| #define HAVE_STRRCHR 1
| #define HAVE_STRSTR 1
| #define HAVE_SWAPCONTEXT 1
| #define HAVE_SYSCALL 1
| #define HAVE_UTIMENSAT 1
| #define HAVE_MEMPCPY 1
| #define HAVE_STPNCPY 1
| #define HAVE_STRCHRNUL 1
| #define HAVE_MEMRCHR 1
| #define HAVE_STRNDUP 1
| #define HAVE_CLOSE_RANGE 1
| #define HAVE_WCSNCPY 1
| #define HAVE_SBRK 1
| #define HAVE_WCPNCPY 1
| #define HAVE_WCSXFRM 1
| #define HAVE_SEM_TIMEDWAIT 1
| /* end confdefs.h.  */
| /* Define sem_clockwait_np to an innocuous variant, in case <limits.h> declares sem_clockwait_np.
|    For example, HP-UX 11i <limits.h> declares gettimeofday.  */
| #define sem_clockwait_np innocuous_sem_clockwait_np
| 
| /* System header to define __stub macros and hopefully few prototypes,
|    which can conflict with char sem_clockwait_np (void); below.  */
| 
| #include <limits.h>
| #undef sem_clockwait_np
| 
| /* Override any GCC internal prototype to avoid an error.
|    Use char because int might match the return type of a GCC
|    builtin and then its argument prototype would still apply.  */
| #ifdef __cplusplus
| extern "C"
| #endif
| char sem_clockwait_np (void);
| /* The GNU C library defines this for functions which it implements
|     to always fail with ENOSYS.  Some functions are actually named
|     something starting with __ and the normal name is an alias.  */
| #if defined __stub_sem_clockwait_np || defined __stub___sem_clockwait_np
| choke me
| #endif
| 
| int
| main (void)
| {
| return sem_clockwait_np ();
|   ;
|   return 0;
| }
configure:19390: result: no
configure:19396: checking for fdatasync
configure:19396: gcc -o conftest    conftest.c -lrt -lrt -lpthread  >&5
configure:19396: $? = 0
configure:19396: result: yes
configure:19402: checking for getrandom
configure:19402: gcc -o conftest    conftest.c -lrt -lrt -lpthread  >&5
configure:19402: $? = 0
configure:19402: result: yes
configure:19408: checking for getrlimitusage
configure:19408: gcc -o conftest    conftest.c -lrt -lrt -lpthread  >&5
/usr/bin/ld: /tmp/ccKlBVXX.o: in function `main':
conftest.c:(.text+0x9): undefined reference to `getrlimitusage'
collect2: error: ld returned 1 exit status
configure:19408: $? = 1
configure: failed program was:
| /* confdefs.h */
| #define PACKAGE_NAME "Valgrind"
| #define PACKAGE_TARNAME "valgrind"
| #define PACKAGE_VERSION "3.26.0"
| #define PACKAGE_STRING "Valgrind 3.26.0"
| #define PACKAGE_BUGREPORT "valgrind-users@lists.sourceforge.net"
| #define PACKAGE_URL ""
| #define PACKAGE "valgrind"
| #define VERSION "3.26.0"
| #define GDB_PATH "/usr/bin/gdb"
| #define VG_TMPDIR "/tmp"
| #define HAVE_STDIO_H 1
| #define HAVE_STDLIB_H 1
| #define HAVE_STRING_H 1
| #define HAVE_INTTYPES_H 1
| #define HAVE_STDINT_H 1
| #define HAVE_STRINGS_H 1
| #define HAVE_SYS_STAT_H 1
| #define HAVE_SYS_TYPES_H 1
| #define HAVE_UNISTD_H 1
| #define HAVE_SYS_TIME_H 1
| #define HAVE_SYS_PARAM_H 1
| #define STDC_HEADERS 1
| #define HAVE_HEADER_FEATURES_H 1
| #define GLIBC_MANDATORY_STRLEN_REDIRECT 1
| #define GLIBC_MANDATORY_INDEX_AND_STRLEN_REDIRECT 1
| #define HAVE_PTRACE_GETREGS 1
| #define HAVE_CLOCK_MONOTONIC 1
| #define HAVE_ELF32_CHDR 1
| #define HAVE_ELF64_CHDR 1
| #define HAVE_PTHREAD_RWLOCK_T 1
| #define HAVE_CLOCKID_T 1
| #define HAVE_PTHREAD_MUTEX_ADAPTIVE_NP 1
| #define HAVE_PTHREAD_MUTEX_ERRORCHECK_NP 1
| #define HAVE_PTHREAD_MUTEX_RECURSIVE_NP 1
| #define HAVE_PTHREAD_RECURSIVE_MUTEX_INITIALIZER_NP 1
| #define HAVE_PTHREAD_MUTEX_T__DATA__KIND 1
| #define HAVE_DLINFO_RTLD_DI_TLS_MODID 1
| #define HAVE_EVENTFD 1
| #define HAVE_EVENTFD_READ 1
| #define HAVE_SYS_USER_REGS 1
| #define HAVE_AS_AMD64_FXSAVE64 1
| #define HAVE_TLS 1
| #define HAVE_ASM_UNISTD_H 1
| #define HAVE_ENDIAN_H 1
| #define HAVE_MQUEUE_H 1
| #define HAVE_SYS_EPOLL_H 1
| #define HAVE_SYS_EVENTFD_H 1
| #define HAVE_SYS_KLOG_H 1
| #define HAVE_SYS_POLL_H 1
| #define HAVE_SYS_PRCTL_H 1
| #define HAVE_SYS_SIGNAL_H 1
| #define HAVE_SYS_SIGNALFD_H 1
| #define HAVE_SYS_SYSCALL_H 1
| #define HAVE_SYS_TIME_H 1
| #define HAVE_SYS_TYPES_H 1
| #define HAVE_USABLE_LINUX_FUTEX_H 1
| #define HAVE_STRUCT_STATX_IN_SYS_STAT_H 1
| #define HAVE_GETPAGESIZE 1
| #define HAVE_MMAP 1
| #define HAVE_LIBPTHREAD 1
| #define HAVE_LIBRT 1
| #define HAVE_LIBRT 1
| #define HAVE_ALIGNED_ALLOC 1
| #define HAVE_CLOCK_GETTIME 1
| #define HAVE_COPY_FILE_RANGE 1
| #define HAVE_EPOLL_CREATE 1
| #define HAVE_EPOLL_PWAIT 1
| #define HAVE_GETADDRINFO 1
| #define HAVE_KLOGCTL 1
| #define HAVE_MALLINFO 1
| #define HAVE_MALLINFO2 1
| #define HAVE_MEMCHR 1
| #define HAVE_MEMFD_CREATE 1
| #define HAVE_MEMSET 1
| #define HAVE_MKDIR 1
| #define HAVE_MREMAP 1
| #define HAVE_PIPE2 1
| #define HAVE_PPOLL 1
| #define HAVE_PREADV 1
| #define HAVE_PREADV2 1
| #define HAVE_PROCESS_VM_READV 1
| #define HAVE_PROCESS_VM_WRITEV 1
| #define HAVE_PTHREAD_BARRIER_INIT 1
| #define HAVE_PTHREAD_CONDATTR_SETCLOCK 1
| #define HAVE_PTHREAD_MUTEX_TIMEDLOCK 1
| #define HAVE_PTHREAD_RWLOCK_TIMEDRDLOCK 1
| #define HAVE_PTHREAD_RWLOCK_TIMEDWRLOCK 1
| #define HAVE_PTHREAD_SETNAME_NP 1
| #define HAVE_PTHREAD_SPIN_LOCK 1
| #define HAVE_PWRITEV 1
| #define HAVE_PWRITEV2 1
| #define HAVE_RAWMEMCHR 1
| #define HAVE_READLINKAT 1
| #define HAVE_REALLOCARRAY 1
| #define HAVE_SEMTIMEDOP 1
| #define HAVE_SETCONTEXT 1
| #define HAVE_SIGNALFD 1
| #define HAVE_SIGWAITINFO 1
| #define HAVE_STRCHR 1
| #define HAVE_STRDUP 1
| #define HAVE_STRPBRK 1
| #define HAVE_STRRCHR 1
| #define HAVE_STRSTR 1
| #define HAVE_SWAPCONTEXT 1
| #define HAVE_SYSCALL 1
| #define HAVE_UTIMENSAT 1
| #define HAVE_MEMPCPY 1
| #define HAVE_STPNCPY 1
| #define HAVE_STRCHRNUL 1
| #define HAVE_MEMRCHR 1
| #define HAVE_STRNDUP 1
| #define HAVE_CLOSE_RANGE 1
| #define HAVE_WCSNCPY 1
| #define HAVE_SBRK 1
| #define HAVE_WCPNCPY 1
| #define HAVE_WCSXFRM 1
| #define HAVE_SEM_TIMEDWAIT 1
| #define HAVE_FDATASYNC 1
| #define HAVE_GETRANDOM 1
| /* end confdefs.h.  */
| /* Define getrlimitusage to an innocuous variant, in case <limits.h> declares getrlimitusage.
|    For example, HP-UX 11i <limits.h> declares gettimeofday.  */
| #define getrlimitusage innocuous_getrlimitusage
| 
| /* System header to define __stub macros and hopefully few prototypes,
|    which can conflict with char getrlimitusage (void); below.  */
| 
| #include <limits.h>
| #undef getrlimitusage
| 
| /* Override any GCC internal prototype to avoid an error.
|    Use char because int might match the return type of a GCC
|    builtin and then its argument prototype would still apply.  */
| #ifdef __cplusplus
| extern "C"
| #endif
| char getrlimitusage (void);
| /* The GNU C library defines this for functions which it implements
|     to always fail with ENOSYS.  Some functions are actually named
|     something starting with __ and the normal name is an alias.  */
| #if defined __stub_getrlimitusage || defined __stub___getrlimitusage
| choke me
| #endif
| 
| int
| main (void)
| {
| return getrlimitusage ();
|   ;
|   return 0;
| }
configure:19408: result: no
configure:19414: checking for timer_delete
configure:19414: gcc -o conftest    conftest.c -lrt -lrt -lpthread  >&5
configure:19414: $? = 0
configure:19414: result: yes
configure:19420: checking for fchroot
configure:19420: gcc -o conftest    conftest.c -lrt -lrt -lpthread  >&5
/usr/bin/ld: /tmp/ccMRKWyH.o: in function `main':
conftest.c:(.text+0x9): undefined reference to `fchroot'
collect2: error: ld returned 1 exit status
configure:19420: $? = 1
configure: failed program was:
| /* confdefs.h */
| #define PACKAGE_NAME "Valgrind"
| #define PACKAGE_TARNAME "valgrind"
| #define PACKAGE_VERSION "3.26.0"
| #define PACKAGE_STRING "Valgrind 3.26.0"
| #define PACKAGE_BUGREPORT "valgrind-users@lists.sourceforge.net"
| #define PACKAGE_URL ""
| #define PACKAGE "valgrind"
| #define VERSION "3.26.0"
| #define GDB_PATH "/usr/bin/gdb"
| #define VG_TMPDIR "/tmp"
| #define HAVE_STDIO_H 1
| #define HAVE_STDLIB_H 1
| #define HAVE_STRING_H 1
| #define HAVE_INTTYPES_H 1
| #define HAVE_STDINT_H 1
| #define HAVE_STRINGS_H 1
| #define HAVE_SYS_STAT_H 1
| #define HAVE_SYS_TYPES_H 1
| #define HAVE_UNISTD_H 1
| #define HAVE_SYS_TIME_H 1
| #define HAVE_SYS_PARAM_H 1
| #define STDC_HEADERS 1
| #define HAVE_HEADER_FEATURES_H 1
| #define GLIBC_MANDATORY_STRLEN_REDIRECT 1
| #define GLIBC_MANDATORY_INDEX_AND_STRLEN_REDIRECT 1
| #define HAVE_PTRACE_GETREGS 1
| #define HAVE_CLOCK_MONOTONIC 1
| #define HAVE_ELF32_CHDR 1
| #define HAVE_ELF64_CHDR 1
| #define HAVE_PTHREAD_RWLOCK_T 1
| #define HAVE_CLOCKID_T 1
| #define HAVE_PTHREAD_MUTEX_ADAPTIVE_NP 1
| #define HAVE_PTHREAD_MUTEX_ERRORCHECK_NP 1
| #define HAVE_PTHREAD_MUTEX_RECURSIVE_NP 1
| #define HAVE_PTHREAD_RECURSIVE_MUTEX_INITIALIZER_NP 1
| #define HAVE_PTHREAD_MUTEX_T__DATA__KIND 1
| #define HAVE_DLINFO_RTLD_DI_TLS_MODID 1
| #define HAVE_EVENTFD 1
| #define HAVE_EVENTFD_READ 1
| #define HAVE_SYS_USER_REGS 1
| #define HAVE_AS_AMD64_FXSAVE64 1
| #define HAVE_TLS 1
| #define HAVE_ASM_UNISTD_H 1
| #define HAVE_ENDIAN_H 1
| #define HAVE_MQUEUE_H 1
| #define HAVE_SYS_EPOLL_H 1
| #define HAVE_SYS_EVENTFD_H 1
| #define HAVE_SYS_KLOG_H 1
| #define HAVE_SYS_POLL_H 1
| #define HAVE_SYS_PRCTL_H 1
| #define HAVE_SYS_SIGNAL_H 1
| #define HAVE_SYS_SIGNALFD_H 1
| #define HAVE_SYS_SYSCALL_H 1
| #define HAVE_SYS_TIME_H 1
| #define HAVE_SYS_TYPES_H 1
| #define HAVE_USABLE_LINUX_FUTEX_H 1
| #define HAVE_STRUCT_STATX_IN_SYS_STAT_H 1
| #define HAVE_GETPAGESIZE 1
| #define HAVE_MMAP 1
| #define HAVE_LIBPTHREAD 1
| #define HAVE_LIBRT 1
| #define HAVE_LIBRT 1
| #define HAVE_ALIGNED_ALLOC 1
| #define HAVE_CLOCK_GETTIME 1
| #define HAVE_COPY_FILE_RANGE 1
| #define HAVE_EPOLL_CREATE 1
| #define HAVE_EPOLL_PWAIT 1
| #define HAVE_GETADDRINFO 1
| #define HAVE_KLOGCTL 1
| #define HAVE_MALLINFO 1
| #define HAVE_MALLINFO2 1
| #define HAVE_MEMCHR 1
| #define HAVE_MEMFD_CREATE 1
| #define HAVE_MEMSET 1
| #define HAVE_MKDIR 1
| #define HAVE_MREMAP 1
| #define HAVE_PIPE2 1
| #define HAVE_PPOLL 1
| #define HAVE_PREADV 1
| #define HAVE_PREADV2 1
| #define HAVE_PROCESS_VM_READV 1
| #define HAVE_PROCESS_VM_WRITEV 1
| #define HAVE_PTHREAD_BARRIER_INIT 1
| #define HAVE_PTHREAD_CONDATTR_SETCLOCK 1
| #define HAVE_PTHREAD_MUTEX_TIMEDLOCK 1
| #define HAVE_PTHREAD_RWLOCK_TIMEDRDLOCK 1
| #define HAVE_PTHREAD_RWLOCK_TIMEDWRLOCK 1
| #define HAVE_PTHREAD_SETNAME_NP 1
| #define HAVE_PTHREAD_SPIN_LOCK 1
| #define HAVE_PWRITEV 1
| #define HAVE_PWRITEV2 1
| #define HAVE_RAWMEMCHR 1
| #define HAVE_READLINKAT 1
| #define HAVE_REALLOCARRAY 1
| #define HAVE_SEMTIMEDOP 1
| #define HAVE_SETCONTEXT 1
| #define HAVE_SIGNALFD 1
| #define HAVE_SIGWAITINFO 1
| #define HAVE_STRCHR 1
| #define HAVE_STRDUP 1
| #define HAVE_STRPBRK 1
| #define HAVE_STRRCHR 1
| #define HAVE_STRSTR 1
| #define HAVE_SWAPCONTEXT 1
| #define HAVE_SYSCALL 1
| #define HAVE_UTIMENSAT 1
| #define HAVE_MEMPCPY 1
| #define HAVE_STPNCPY 1
| #define HAVE_STRCHRNUL 1
| #define HAVE_MEMRCHR 1
| #define HAVE_STRNDUP 1
| #define HAVE_CLOSE_RANGE 1
| #define HAVE_WCSNCPY 1
| #define HAVE_SBRK 1
| #define HAVE_WCPNCPY 1
| #define HAVE_WCSXFRM 1
| #define HAVE_SEM_TIMEDWAIT 1
| #define HAVE_FDATASYNC 1
| #define HAVE_GETRANDOM 1
| #define HAVE_TIMER_DELETE 1
| /* end confdefs.h.  */
| /* Define fchroot to an innocuous variant, in case <limits.h> declares fchroot.
|    For example, HP-UX 11i <limits.h> declares gettimeofday.  */
| #define fchroot innocuous_fchroot
| 
| /* System header to define __stub macros and hopefully few prototypes,
|    which can conflict with char fchroot (void); below.  */
| 
| #include <limits.h>
| #undef fchroot
| 
| /* Override any GCC internal prototype to avoid an error.
|    Use char because int might match the return type of a GCC
|    builtin and then its argument prototype would still apply.  */
| #ifdef __cplusplus
| extern "C"
| #endif
| char fchroot (void);
| /* The GNU C library defines this for functions which it implements
|     to always fail with ENOSYS.  Some functions are actually named
|     something starting with __ and the normal name is an alias.  */
| #if defined __stub_fchroot || defined __stub___fchroot
| choke me
| #endif
| 
| int
| main (void)
| {
| return fchroot ();
|   ;
|   return 0;
| }
configure:19420: result: no
configure:19426: checking for setcred
configure:19426: gcc -o conftest    conftest.c -lrt -lrt -lpthread  >&5
/usr/bin/ld: /tmp/ccFUOZ9J.o: in function `main':
conftest.c:(.text+0x9): undefined reference to `setcred'
collect2: error: ld returned 1 exit status
configure:19426: $? = 1
configure: failed program was:
| /* confdefs.h */
| #define PACKAGE_NAME "Valgrind"
| #define PACKAGE_TARNAME "valgrind"
| #define PACKAGE_VERSION "3.26.0"
| #define PACKAGE_STRING "Valgrind 3.26.0"
| #define PACKAGE_BUGREPORT "valgrind-users@lists.sourceforge.net"
| #define PACKAGE_URL ""
| #define PACKAGE "valgrind"
| #define VERSION "3.26.0"
| #define GDB_PATH "/usr/bin/gdb"
| #define VG_TMPDIR "/tmp"
| #define HAVE_STDIO_H 1
| #define HAVE_STDLIB_H 1
| #define HAVE_STRING_H 1
| #define HAVE_INTTYPES_H 1
| #define HAVE_STDINT_H 1
| #define HAVE_STRINGS_H 1
| #define HAVE_SYS_STAT_H 1
| #define HAVE_SYS_TYPES_H 1
| #define HAVE_UNISTD_H 1
| #define HAVE_SYS_TIME_H 1
| #define HAVE_SYS_PARAM_H 1
| #define STDC_HEADERS 1
| #define HAVE_HEADER_FEATURES_H 1
| #define GLIBC_MANDATORY_STRLEN_REDIRECT 1
| #define GLIBC_MANDATORY_INDEX_AND_STRLEN_REDIRECT 1
| #define HAVE_PTRACE_GETREGS 1
| #define HAVE_CLOCK_MONOTONIC 1
| #define HAVE_ELF32_CHDR 1
| #define HAVE_ELF64_CHDR 1
| #define HAVE_PTHREAD_RWLOCK_T 1
| #define HAVE_CLOCKID_T 1
| #define HAVE_PTHREAD_MUTEX_ADAPTIVE_NP 1
| #define HAVE_PTHREAD_MUTEX_ERRORCHECK_NP 1
| #define HAVE_PTHREAD_MUTEX_RECURSIVE_NP 1
| #define HAVE_PTHREAD_RECURSIVE_MUTEX_INITIALIZER_NP 1
| #define HAVE_PTHREAD_MUTEX_T__DATA__KIND 1
| #define HAVE_DLINFO_RTLD_DI_TLS_MODID 1
| #define HAVE_EVENTFD 1
| #define HAVE_EVENTFD_READ 1
| #define HAVE_SYS_USER_REGS 1
| #define HAVE_AS_AMD64_FXSAVE64 1
| #define HAVE_TLS 1
| #define HAVE_ASM_UNISTD_H 1
| #define HAVE_ENDIAN_H 1
| #define HAVE_MQUEUE_H 1
| #define HAVE_SYS_EPOLL_H 1
| #define HAVE_SYS_EVENTFD_H 1
| #define HAVE_SYS_KLOG_H 1
| #define HAVE_SYS_POLL_H 1
| #define HAVE_SYS_PRCTL_H 1
| #define HAVE_SYS_SIGNAL_H 1
| #define HAVE_SYS_SIGNALFD_H 1
| #define HAVE_SYS_SYSCALL_H 1
| #define HAVE_SYS_TIME_H 1
| #define HAVE_SYS_TYPES_H 1
| #define HAVE_USABLE_LINUX_FUTEX_H 1
| #define HAVE_STRUCT_STATX_IN_SYS_STAT_H 1
| #define HAVE_GETPAGESIZE 1
| #define HAVE_MMAP 1
| #define HAVE_LIBPTHREAD 1
| #define HAVE_LIBRT 1
| #define HAVE_LIBRT 1
| #define HAVE_ALIGNED_ALLOC 1
| #define HAVE_CLOCK_GETTIME 1
| #define HAVE_COPY_FILE_RANGE 1
| #define HAVE_EPOLL_CREATE 1
| #define HAVE_EPOLL_PWAIT 1
| #define HAVE_GETADDRINFO 1
| #define HAVE_KLOGCTL 1
| #define HAVE_MALLINFO 1
| #define HAVE_MALLINFO2 1
| #define HAVE_MEMCHR 1
| #define HAVE_MEMFD_CREATE 1
| #define HAVE_MEMSET 1
| #define HAVE_MKDIR 1
| #define HAVE_MREMAP 1
| #define HAVE_PIPE2 1
| #define HAVE_PPOLL 1
| #define HAVE_PREADV 1
| #define HAVE_PREADV2 1
| #define HAVE_PROCESS_VM_READV 1
| #define HAVE_PROCESS_VM_WRITEV 1
| #define HAVE_PTHREAD_BARRIER_INIT 1
| #define HAVE_PTHREAD_CONDATTR_SETCLOCK 1
| #define HAVE_PTHREAD_MUTEX_TIMEDLOCK 1
| #define HAVE_PTHREAD_RWLOCK_TIMEDRDLOCK 1
| #define HAVE_PTHREAD_RWLOCK_TIMEDWRLOCK 1
| #define HAVE_PTHREAD_SETNAME_NP 1
| #define HAVE_PTHREAD_SPIN_LOCK 1
| #define HAVE_PWRITEV 1
| #define HAVE_PWRITEV2 1
| #define HAVE_RAWMEMCHR 1
| #define HAVE_READLINKAT 1
| #define HAVE_REALLOCARRAY 1
| #define HAVE_SEMTIMEDOP 1
| #define HAVE_SETCONTEXT 1
| #define HAVE_SIGNALFD 1
| #define HAVE_SIGWAITINFO 1
| #define HAVE_STRCHR 1
| #define HAVE_STRDUP 1
| #define HAVE_STRPBRK 1
| #define HAVE_STRRCHR 1
| #define HAVE_STRSTR 1
| #define HAVE_SWAPCONTEXT 1
| #define HAVE_SYSCALL 1
| #define HAVE_UTIMENSAT 1
| #define HAVE_MEMPCPY 1
| #define HAVE_STPNCPY 1
| #define HAVE_STRCHRNUL 1
| #define HAVE_MEMRCHR 1
| #define HAVE_STRNDUP 1
| #define HAVE_CLOSE_RANGE 1
| #define HAVE_WCSNCPY 1
| #define HAVE_SBRK 1
| #define HAVE_WCPNCPY 1
| #define HAVE_WCSXFRM 1
| #define HAVE_SEM_TIMEDWAIT 1
| #define HAVE_FDATASYNC 1
| #define HAVE_GETRANDOM 1
| #define HAVE_TIMER_DELETE 1
| /* end confdefs.h.  */
| /* Define setcred to an innocuous variant, in case <limits.h> declares setcred.
|    For example, HP-UX 11i <limits.h> declares gettimeofday.  */
| #define setcred innocuous_setcred
| 
| /* System header to define __stub macros and hopefully few prototypes,
|    which can conflict with char setcred (void); below.  */
| 
| #include <limits.h>
| #undef setcred
| 
| /* Override any GCC internal prototype to avoid an error.
|    Use char because int might match the return type of a GCC
|    builtin and then its argument prototype would still apply.  */
| #ifdef __cplusplus
| extern "C"
| #endif
| char setcred (void);
| /* The GNU C library defines this for functions which it implements
|     to always fail with ENOSYS.  Some functions are actually named
|     something starting with __ and the normal name is an alias.  */
| #if defined __stub_setcred || defined __stub___setcred
| choke me
| #endif
| 
| int
| main (void)
| {
| return setcred ();
|   ;
|   return 0;
| }
configure:19426: result: no
configure:19432: checking for exterrctl
configure:19432: gcc -o conftest    conftest.c -lrt -lrt -lpthread  >&5
/usr/bin/ld: /tmp/ccEVCvfj.o: in function `main':
conftest.c:(.text+0x9): undefined reference to `exterrctl'
collect2: error: ld returned 1 exit status
configure:19432: $? = 1
configure: failed program was:
| /* confdefs.h */
| #define PACKAGE_NAME "Valgrind"
| #define PACKAGE_TARNAME "valgrind"
| #define PACKAGE_VERSION "3.26.0"
| #define PACKAGE_STRING "Valgrind 3.26.0"
| #define PACKAGE_BUGREPORT "valgrind-users@lists.sourceforge.net"
| #define PACKAGE_URL ""
| #define PACKAGE "valgrind"
| #define VERSION "3.26.0"
| #define GDB_PATH "/usr/bin/gdb"
| #define VG_TMPDIR "/tmp"
| #define HAVE_STDIO_H 1
| #define HAVE_STDLIB_H 1
| #define HAVE_STRING_H 1
| #define HAVE_INTTYPES_H 1
| #define HAVE_STDINT_H 1
| #define HAVE_STRINGS_H 1
| #define HAVE_SYS_STAT_H 1
| #define HAVE_SYS_TYPES_H 1
| #define HAVE_UNISTD_H 1
| #define HAVE_SYS_TIME_H 1
| #define HAVE_SYS_PARAM_H 1
| #define STDC_HEADERS 1
| #define HAVE_HEADER_FEATURES_H 1
| #define GLIBC_MANDATORY_STRLEN_REDIRECT 1
| #define GLIBC_MANDATORY_INDEX_AND_STRLEN_REDIRECT 1
| #define HAVE_PTRACE_GETREGS 1
| #define HAVE_CLOCK_MONOTONIC 1
| #define HAVE_ELF32_CHDR 1
| #define HAVE_ELF64_CHDR 1
| #define HAVE_PTHREAD_RWLOCK_T 1
| #define HAVE_CLOCKID_T 1
| #define HAVE_PTHREAD_MUTEX_ADAPTIVE_NP 1
| #define HAVE_PTHREAD_MUTEX_ERRORCHECK_NP 1
| #define HAVE_PTHREAD_MUTEX_RECURSIVE_NP 1
| #define HAVE_PTHREAD_RECURSIVE_MUTEX_INITIALIZER_NP 1
| #define HAVE_PTHREAD_MUTEX_T__DATA__KIND 1
| #define HAVE_DLINFO_RTLD_DI_TLS_MODID 1
| #define HAVE_EVENTFD 1
| #define HAVE_EVENTFD_READ 1
| #define HAVE_SYS_USER_REGS 1
| #define HAVE_AS_AMD64_FXSAVE64 1
| #define HAVE_TLS 1
| #define HAVE_ASM_UNISTD_H 1
| #define HAVE_ENDIAN_H 1
| #define HAVE_MQUEUE_H 1
| #define HAVE_SYS_EPOLL_H 1
| #define HAVE_SYS_EVENTFD_H 1
| #define HAVE_SYS_KLOG_H 1
| #define HAVE_SYS_POLL_H 1
| #define HAVE_SYS_PRCTL_H 1
| #define HAVE_SYS_SIGNAL_H 1
| #define HAVE_SYS_SIGNALFD_H 1
| #define HAVE_SYS_SYSCALL_H 1
| #define HAVE_SYS_TIME_H 1
| #define HAVE_SYS_TYPES_H 1
| #define HAVE_USABLE_LINUX_FUTEX_H 1
| #define HAVE_STRUCT_STATX_IN_SYS_STAT_H 1
| #define HAVE_GETPAGESIZE 1
| #define HAVE_MMAP 1
| #define HAVE_LIBPTHREAD 1
| #define HAVE_LIBRT 1
| #define HAVE_LIBRT 1
| #define HAVE_ALIGNED_ALLOC 1
| #define HAVE_CLOCK_GETTIME 1
| #define HAVE_COPY_FILE_RANGE 1
| #define HAVE_EPOLL_CREATE 1
| #define HAVE_EPOLL_PWAIT 1
| #define HAVE_GETADDRINFO 1
| #define HAVE_KLOGCTL 1
| #define HAVE_MALLINFO 1
| #define HAVE_MALLINFO2 1
| #define HAVE_MEMCHR 1
| #define HAVE_MEMFD_CREATE 1
| #define HAVE_MEMSET 1
| #define HAVE_MKDIR 1
| #define HAVE_MREMAP 1
| #define HAVE_PIPE2 1
| #define HAVE_PPOLL 1
| #define HAVE_PREADV 1
| #define HAVE_PREADV2 1
| #define HAVE_PROCESS_VM_READV 1
| #define HAVE_PROCESS_VM_WRITEV 1
| #define HAVE_PTHREAD_BARRIER_INIT 1
| #define HAVE_PTHREAD_CONDATTR_SETCLOCK 1
| #define HAVE_PTHREAD_MUTEX_TIMEDLOCK 1
| #define HAVE_PTHREAD_RWLOCK_TIMEDRDLOCK 1
| #define HAVE_PTHREAD_RWLOCK_TIMEDWRLOCK 1
| #define HAVE_PTHREAD_SETNAME_NP 1
| #define HAVE_PTHREAD_SPIN_LOCK 1
| #define HAVE_PWRITEV 1
| #define HAVE_PWRITEV2 1
| #define HAVE_RAWMEMCHR 1
| #define HAVE_READLINKAT 1
| #define HAVE_REALLOCARRAY 1
| #define HAVE_SEMTIMEDOP 1
| #define HAVE_SETCONTEXT 1
| #define HAVE_SIGNALFD 1
| #define HAVE_SIGWAITINFO 1
| #define HAVE_STRCHR 1
| #define HAVE_STRDUP 1
| #define HAVE_STRPBRK 1
| #define HAVE_STRRCHR 1
| #define HAVE_STRSTR 1
| #define HAVE_SWAPCONTEXT 1
| #define HAVE_SYSCALL 1
| #define HAVE_UTIMENSAT 1
| #define HAVE_MEMPCPY 1
| #define HAVE_STPNCPY 1
| #define HAVE_STRCHRNUL 1
| #define HAVE_MEMRCHR 1
| #define HAVE_STRNDUP 1
| #define HAVE_CLOSE_RANGE 1
| #define HAVE_WCSNCPY 1
| #define HAVE_SBRK 1
| #define HAVE_WCPNCPY 1
| #define HAVE_WCSXFRM 1
| #define HAVE_SEM_TIMEDWAIT 1
| #define HAVE_FDATASYNC 1
| #define HAVE_GETRANDOM 1
| #define HAVE_TIMER_DELETE 1
| /* end confdefs.h.  */
| /* Define exterrctl to an innocuous variant, in case <limits.h> declares exterrctl.
|    For example, HP-UX 11i <limits.h> declares gettimeofday.  */
| #define exterrctl innocuous_exterrctl
| 
| /* System header to define __stub macros and hopefully few prototypes,
|    which can conflict with char exterrctl (void); below.  */
| 
| #include <limits.h>
| #undef exterrctl
| 
| /* Override any GCC internal prototype to avoid an error.
|    Use char because int might match the return type of a GCC
|    builtin and then its argument prototype would still apply.  */
| #ifdef __cplusplus
| extern "C"
| #endif
| char exterrctl (void);
| /* The GNU C library defines this for functions which it implements
|     to always fail with ENOSYS.  Some functions are actually named
|     something starting with __ and the normal name is an alias.  */
| #if defined __stub_exterrctl || defined __stub___exterrctl
| choke me
| #endif
| 
| int
| main (void)
| {
| return exterrctl ();
|   ;
|   return 0;
| }
configure:19432: result: no
configure:19700: checking for mpicc
configure:19738: result: mpicc
configure:19821: checking primary target for usable MPI2-compliant C compiler and mpi.h
configure:19849: mpicc -o conftest -g -O -fno-omit-frame-pointer -Wall -fpic -m64  -fpic -shared -m64 conftest.c  >&5
./configure: line 2160: mpicc: command not found
configure:19849: $? = 127
configure: failed program was:
| /* confdefs.h */
| #define PACKAGE_NAME "Valgrind"
| #define PACKAGE_TARNAME "valgrind"
| #define PACKAGE_VERSION "3.26.0"
| #define PACKAGE_STRING "Valgrind 3.26.0"
| #define PACKAGE_BUGREPORT "valgrind-users@lists.sourceforge.net"
| #define PACKAGE_URL ""
| #define PACKAGE "valgrind"
| #define VERSION "3.26.0"
| #define GDB_PATH "/usr/bin/gdb"
| #define VG_TMPDIR "/tmp"
| #define HAVE_STDIO_H 1
| #define HAVE_STDLIB_H 1
| #define HAVE_STRING_H 1
| #define HAVE_INTTYPES_H 1
| #define HAVE_STDINT_H 1
| #define HAVE_STRINGS_H 1
| #define HAVE_SYS_STAT_H 1
| #define HAVE_SYS_TYPES_H 1
| #define HAVE_UNISTD_H 1
| #define HAVE_SYS_TIME_H 1
| #define HAVE_SYS_PARAM_H 1
| #define STDC_HEADERS 1
| #define HAVE_HEADER_FEATURES_H 1
| #define GLIBC_MANDATORY_STRLEN_REDIRECT 1
| #define GLIBC_MANDATORY_INDEX_AND_STRLEN_REDIRECT 1
| #define HAVE_PTRACE_GETREGS 1
| #define HAVE_CLOCK_MONOTONIC 1
| #define HAVE_ELF32_CHDR 1
| #define HAVE_ELF64_CHDR 1
| #define HAVE_PTHREAD_RWLOCK_T 1
| #define HAVE_CLOCKID_T 1
| #define HAVE_PTHREAD_MUTEX_ADAPTIVE_NP 1
| #define HAVE_PTHREAD_MUTEX_ERRORCHECK_NP 1
| #define HAVE_PTHREAD_MUTEX_RECURSIVE_NP 1
| #define HAVE_PTHREAD_RECURSIVE_MUTEX_INITIALIZER_NP 1
| #define HAVE_PTHREAD_MUTEX_T__DATA__KIND 1
| #define HAVE_DLINFO_RTLD_DI_TLS_MODID 1
| #define HAVE_EVENTFD 1
| #define HAVE_EVENTFD_READ 1
| #define HAVE_SYS_USER_REGS 1
| #define HAVE_AS_AMD64_FXSAVE64 1
| #define HAVE_TLS 1
| #define HAVE_ASM_UNISTD_H 1
| #define HAVE_ENDIAN_H 1
| #define HAVE_MQUEUE_H 1
| #define HAVE_SYS_EPOLL_H 1
| #define HAVE_SYS_EVENTFD_H 1
| #define HAVE_SYS_KLOG_H 1
| #define HAVE_SYS_POLL_H 1
| #define HAVE_SYS_PRCTL_H 1
| #define HAVE_SYS_SIGNAL_H 1
| #define HAVE_SYS_SIGNALFD_H 1
| #define HAVE_SYS_SYSCALL_H 1
| #define HAVE_SYS_TIME_H 1
| #define HAVE_SYS_TYPES_H 1
| #define HAVE_USABLE_LINUX_FUTEX_H 1
| #define HAVE_STRUCT_STATX_IN_SYS_STAT_H 1
| #define HAVE_GETPAGESIZE 1
| #define HAVE_MMAP 1
| #define HAVE_LIBPTHREAD 1
| #define HAVE_LIBRT 1
| #define HAVE_LIBRT 1
| #define HAVE_ALIGNED_ALLOC 1
| #define HAVE_CLOCK_GETTIME 1
| #define HAVE_COPY_FILE_RANGE 1
| #define HAVE_EPOLL_CREATE 1
| #define HAVE_EPOLL_PWAIT 1
| #define HAVE_GETADDRINFO 1
| #define HAVE_KLOGCTL 1
| #define HAVE_MALLINFO 1
| #define HAVE_MALLINFO2 1
| #define HAVE_MEMCHR 1
| #define HAVE_MEMFD_CREATE 1
| #define HAVE_MEMSET 1
| #define HAVE_MKDIR 1
| #define HAVE_MREMAP 1
| #define HAVE_PIPE2 1
| #define HAVE_PPOLL 1
| #define HAVE_PREADV 1
| #define HAVE_PREADV2 1
| #define HAVE_PROCESS_VM_READV 1
| #define HAVE_PROCESS_VM_WRITEV 1
| #define HAVE_PTHREAD_BARRIER_INIT 1
| #define HAVE_PTHREAD_CONDATTR_SETCLOCK 1
| #define HAVE_PTHREAD_MUTEX_TIMEDLOCK 1
| #define HAVE_PTHREAD_RWLOCK_TIMEDRDLOCK 1
| #define HAVE_PTHREAD_RWLOCK_TIMEDWRLOCK 1
| #define HAVE_PTHREAD_SETNAME_NP 1
| #define HAVE_PTHREAD_SPIN_LOCK 1
| #define HAVE_PWRITEV 1
| #define HAVE_PWRITEV2 1
| #define HAVE_RAWMEMCHR 1
| #define HAVE_READLINKAT 1
| #define HAVE_REALLOCARRAY 1
| #define HAVE_SEMTIMEDOP 1
| #define HAVE_SETCONTEXT 1
| #define HAVE_SIGNALFD 1
| #define HAVE_SIGWAITINFO 1
| #define HAVE_STRCHR 1
| #define HAVE_STRDUP 1
| #define HAVE_STRPBRK 1
| #define HAVE_STRRCHR 1
| #define HAVE_STRSTR 1
| #define HAVE_SWAPCONTEXT 1
| #define HAVE_SYSCALL 1
| #define HAVE_UTIMENSAT 1
| #define HAVE_MEMPCPY 1
| #define HAVE_STPNCPY 1
| #define HAVE_STRCHRNUL 1
| #define HAVE_MEMRCHR 1
| #define HAVE_STRNDUP 1
| #define HAVE_CLOSE_RANGE 1
| #define HAVE_WCSNCPY 1
| #define HAVE_SBRK 1
| #define HAVE_WCPNCPY 1
| #define HAVE_WCSXFRM 1
| #define HAVE_SEM_TIMEDWAIT 1
| #define HAVE_FDATASYNC 1
| #define HAVE_GETRANDOM 1
| #define HAVE_TIMER_DELETE 1
| /* end confdefs.h.  */
| 
| #include <mpi.h>
| #include <stdio.h>
| 
| int
| main (void)
| {
| 
|   int ni, na, nd, comb;
|   int r = MPI_Init(NULL,NULL);
|   r |= MPI_Type_get_envelope( MPI_INT, &ni, &na, &nd, &comb );
|   r |= MPI_Finalize();
|   return r;
| 
|   ;
|   return 0;
| }
configure:19859: result: no
configure:19883: checking secondary target for usable MPI2-compliant C compiler and mpi.h
configure:19915: mpicc this will surely fail -o conftest -g -O -fno-omit-frame-pointer -Wall -fpic   -fpic -shared  conftest.c  >&5
./configure: line 2160: mpicc: command not found
configure:19915: $? = 127
configure: failed program was:
| /* confdefs.h */
| #define PACKAGE_NAME "Valgrind"
| #define PACKAGE_TARNAME "valgrind"
| #define PACKAGE_VERSION "3.26.0"
| #define PACKAGE_STRING "Valgrind 3.26.0"
| #define PACKAGE_BUGREPORT "valgrind-users@lists.sourceforge.net"
| #define PACKAGE_URL ""
| #define PACKAGE "valgrind"
| #define VERSION "3.26.0"
| #define GDB_PATH "/usr/bin/gdb"
| #define VG_TMPDIR "/tmp"
| #define HAVE_STDIO_H 1
| #define HAVE_STDLIB_H 1
| #define HAVE_STRING_H 1
| #define HAVE_INTTYPES_H 1
| #define HAVE_STDINT_H 1
| #define HAVE_STRINGS_H 1
| #define HAVE_SYS_STAT_H 1
| #define HAVE_SYS_TYPES_H 1
| #define HAVE_UNISTD_H 1
| #define HAVE_SYS_TIME_H 1
| #define HAVE_SYS_PARAM_H 1
| #define STDC_HEADERS 1
| #define HAVE_HEADER_FEATURES_H 1
| #define GLIBC_MANDATORY_STRLEN_REDIRECT 1
| #define GLIBC_MANDATORY_INDEX_AND_STRLEN_REDIRECT 1
| #define HAVE_PTRACE_GETREGS 1
| #define HAVE_CLOCK_MONOTONIC 1
| #define HAVE_ELF32_CHDR 1
| #define HAVE_ELF64_CHDR 1
| #define HAVE_PTHREAD_RWLOCK_T 1
| #define HAVE_CLOCKID_T 1
| #define HAVE_PTHREAD_MUTEX_ADAPTIVE_NP 1
| #define HAVE_PTHREAD_MUTEX_ERRORCHECK_NP 1
| #define HAVE_PTHREAD_MUTEX_RECURSIVE_NP 1
| #define HAVE_PTHREAD_RECURSIVE_MUTEX_INITIALIZER_NP 1
| #define HAVE_PTHREAD_MUTEX_T__DATA__KIND 1
| #define HAVE_DLINFO_RTLD_DI_TLS_MODID 1
| #define HAVE_EVENTFD 1
| #define HAVE_EVENTFD_READ 1
| #define HAVE_SYS_USER_REGS 1
| #define HAVE_AS_AMD64_FXSAVE64 1
| #define HAVE_TLS 1
| #define HAVE_ASM_UNISTD_H 1
| #define HAVE_ENDIAN_H 1
| #define HAVE_MQUEUE_H 1
| #define HAVE_SYS_EPOLL_H 1
| #define HAVE_SYS_EVENTFD_H 1
| #define HAVE_SYS_KLOG_H 1
| #define HAVE_SYS_POLL_H 1
| #define HAVE_SYS_PRCTL_H 1
| #define HAVE_SYS_SIGNAL_H 1
| #define HAVE_SYS_SIGNALFD_H 1
| #define HAVE_SYS_SYSCALL_H 1
| #define HAVE_SYS_TIME_H 1
| #define HAVE_SYS_TYPES_H 1
| #define HAVE_USABLE_LINUX_FUTEX_H 1
| #define HAVE_STRUCT_STATX_IN_SYS_STAT_H 1
| #define HAVE_GETPAGESIZE 1
| #define HAVE_MMAP 1
| #define HAVE_LIBPTHREAD 1
| #define HAVE_LIBRT 1
| #define HAVE_LIBRT 1
| #define HAVE_ALIGNED_ALLOC 1
| #define HAVE_CLOCK_GETTIME 1
| #define HAVE_COPY_FILE_RANGE 1
| #define HAVE_EPOLL_CREATE 1
| #define HAVE_EPOLL_PWAIT 1
| #define HAVE_GETADDRINFO 1
| #define HAVE_KLOGCTL 1
| #define HAVE_MALLINFO 1
| #define HAVE_MALLINFO2 1
| #define HAVE_MEMCHR 1
| #define HAVE_MEMFD_CREATE 1
| #define HAVE_MEMSET 1
| #define HAVE_MKDIR 1
| #define HAVE_MREMAP 1
| #define HAVE_PIPE2 1
| #define HAVE_PPOLL 1
| #define HAVE_PREADV 1
| #define HAVE_PREADV2 1
| #define HAVE_PROCESS_VM_READV 1
| #define HAVE_PROCESS_VM_WRITEV 1
| #define HAVE_PTHREAD_BARRIER_INIT 1
| #define HAVE_PTHREAD_CONDATTR_SETCLOCK 1
| #define HAVE_PTHREAD_MUTEX_TIMEDLOCK 1
| #define HAVE_PTHREAD_RWLOCK_TIMEDRDLOCK 1
| #define HAVE_PTHREAD_RWLOCK_TIMEDWRLOCK 1
| #define HAVE_PTHREAD_SETNAME_NP 1
| #define HAVE_PTHREAD_SPIN_LOCK 1
| #define HAVE_PWRITEV 1
| #define HAVE_PWRITEV2 1
| #define HAVE_RAWMEMCHR 1
| #define HAVE_READLINKAT 1
| #define HAVE_REALLOCARRAY 1
| #define HAVE_SEMTIMEDOP 1
| #define HAVE_SETCONTEXT 1
| #define HAVE_SIGNALFD 1
| #define HAVE_SIGWAITINFO 1
| #define HAVE_STRCHR 1
| #define HAVE_STRDUP 1
| #define HAVE_STRPBRK 1
| #define HAVE_STRRCHR 1
| #define HAVE_STRSTR 1
| #define HAVE_SWAPCONTEXT 1
| #define HAVE_SYSCALL 1
| #define HAVE_UTIMENSAT 1
| #define HAVE_MEMPCPY 1
| #define HAVE_STPNCPY 1
| #define HAVE_STRCHRNUL 1
| #define HAVE_MEMRCHR 1
| #define HAVE_STRNDUP 1
| #define HAVE_CLOSE_RANGE 1
| #define HAVE_WCSNCPY 1
| #define HAVE_SBRK 1
| #define HAVE_WCPNCPY 1
| #define HAVE_WCSXFRM 1
| #define HAVE_SEM_TIMEDWAIT 1
| #define HAVE_FDATASYNC 1
| #define HAVE_GETRANDOM 1
| #define HAVE_TIMER_DELETE 1
| /* end confdefs.h.  */
| 
| #include <mpi.h>
| #include <stdio.h>
| 
| int
| main (void)
| {
| 
|   int ni, na, nd, comb;
|   int r = MPI_Init(NULL,NULL);
|   r |= MPI_Type_get_envelope( MPI_INT, &ni, &na, &nd, &comb );
|   r |= MPI_Finalize();
|   return r;
| 
|   ;
|   return 0;
| }
configure:19925: result: no
configure:19947: checking if static libc is available
configure:19960: gcc -o conftest   -nostdlib -lc -static conftest.c  >&5
/usr/bin/ld: warning: cannot find entry symbol _start; defaulting to 0000000000401000
configure:19960: $? = 0
configure:19964: result: yes
configure:20010: checking for boost
configure:20037: g++ -o conftest -m64   conftest.cpp -lboost_thread-mt -lboost_system-mt  >&5
conftest.cpp:124:10: fatal error: boost/thread.hpp: No such file or directory
  124 | #include <boost/thread.hpp>
      |          ^~~~~~~~~~~~~~~~~~
compilation terminated.
configure:20037: $? = 1
configure: failed program was:
| /* confdefs.h */
| #define PACKAGE_NAME "Valgrind"
| #define PACKAGE_TARNAME "valgrind"
| #define PACKAGE_VERSION "3.26.0"
| #define PACKAGE_STRING "Valgrind 3.26.0"
| #define PACKAGE_BUGREPORT "valgrind-users@lists.sourceforge.net"
| #define PACKAGE_URL ""
| #define PACKAGE "valgrind"
| #define VERSION "3.26.0"
| #define GDB_PATH "/usr/bin/gdb"
| #define VG_TMPDIR "/tmp"
| #define HAVE_STDIO_H 1
| #define HAVE_STDLIB_H 1
| #define HAVE_STRING_H 1
| #define HAVE_INTTYPES_H 1
| #define HAVE_STDINT_H 1
| #define HAVE_STRINGS_H 1
| #define HAVE_SYS_STAT_H 1
| #define HAVE_SYS_TYPES_H 1
| #define HAVE_UNISTD_H 1
| #define HAVE_SYS_TIME_H 1
| #define HAVE_SYS_PARAM_H 1
| #define STDC_HEADERS 1
| #define HAVE_HEADER_FEATURES_H 1
| #define GLIBC_MANDATORY_STRLEN_REDIRECT 1
| #define GLIBC_MANDATORY_INDEX_AND_STRLEN_REDIRECT 1
| #define HAVE_PTRACE_GETREGS 1
| #define HAVE_CLOCK_MONOTONIC 1
| #define HAVE_ELF32_CHDR 1
| #define HAVE_ELF64_CHDR 1
| #define HAVE_PTHREAD_RWLOCK_T 1
| #define HAVE_CLOCKID_T 1
| #define HAVE_PTHREAD_MUTEX_ADAPTIVE_NP 1
| #define HAVE_PTHREAD_MUTEX_ERRORCHECK_NP 1
| #define HAVE_PTHREAD_MUTEX_RECURSIVE_NP 1
| #define HAVE_PTHREAD_RECURSIVE_MUTEX_INITIALIZER_NP 1
| #define HAVE_PTHREAD_MUTEX_T__DATA__KIND 1
| #define HAVE_DLINFO_RTLD_DI_TLS_MODID 1
| #define HAVE_EVENTFD 1
| #define HAVE_EVENTFD_READ 1
| #define HAVE_SYS_USER_REGS 1
| #define HAVE_AS_AMD64_FXSAVE64 1
| #define HAVE_TLS 1
| #define HAVE_ASM_UNISTD_H 1
| #define HAVE_ENDIAN_H 1
| #define HAVE_MQUEUE_H 1
| #define HAVE_SYS_EPOLL_H 1
| #define HAVE_SYS_EVENTFD_H 1
| #define HAVE_SYS_KLOG_H 1
| #define HAVE_SYS_POLL_H 1
| #define HAVE_SYS_PRCTL_H 1
| #define HAVE_SYS_SIGNAL_H 1
| #define HAVE_SYS_SIGNALFD_H 1
| #define HAVE_SYS_SYSCALL_H 1
| #define HAVE_SYS_TIME_H 1
| #define HAVE_SYS_TYPES_H 1
| #define HAVE_USABLE_LINUX_FUTEX_H 1
| #define HAVE_STRUCT_STATX_IN_SYS_STAT_H 1
| #define HAVE_GETPAGESIZE 1
| #define HAVE_MMAP 1
| #define HAVE_LIBPTHREAD 1
| #define HAVE_LIBRT 1
| #define HAVE_LIBRT 1
| #define HAVE_ALIGNED_ALLOC 1
| #define HAVE_CLOCK_GETTIME 1
| #define HAVE_COPY_FILE_RANGE 1
| #define HAVE_EPOLL_CREATE 1
| #define HAVE_EPOLL_PWAIT 1
| #define HAVE_GETADDRINFO 1
| #define HAVE_KLOGCTL 1
| #define HAVE_MALLINFO 1
| #define HAVE_MALLINFO2 1
| #define HAVE_MEMCHR 1
| #define HAVE_MEMFD_CREATE 1
| #define HAVE_MEMSET 1
| #define HAVE_MKDIR 1
| #define HAVE_MREMAP 1
| #define HAVE_PIPE2 1
| #define HAVE_PPOLL 1
| #define HAVE_PREADV 1
| #define HAVE_PREADV2 1
| #define HAVE_PROCESS_VM_READV 1
| #define HAVE_PROCESS_VM_WRITEV 1
| #define HAVE_PTHREAD_BARRIER_INIT 1
| #define HAVE_PTHREAD_CONDATTR_SETCLOCK 1
| #define HAVE_PTHREAD_MUTEX_TIMEDLOCK 1
| #define HAVE_PTHREAD_RWLOCK_TIMEDRDLOCK 1
| #define HAVE_PTHREAD_RWLOCK_TIMEDWRLOCK 1
| #define HAVE_PTHREAD_SETNAME_NP 1
| #define HAVE_PTHREAD_SPIN_LOCK 1
| #define HAVE_PWRITEV 1
| #define HAVE_PWRITEV2 1
| #define HAVE_RAWMEMCHR 1
| #define HAVE_READLINKAT 1
| #define HAVE_REALLOCARRAY 1
| #define HAVE_SEMTIMEDOP 1
| #define HAVE_SETCONTEXT 1
| #define HAVE_SIGNALFD 1
| #define HAVE_SIGWAITINFO 1
| #define HAVE_STRCHR 1
| #define HAVE_STRDUP 1
| #define HAVE_STRPBRK 1
| #define HAVE_STRRCHR 1
| #define HAVE_STRSTR 1
| #define HAVE_SWAPCONTEXT 1
| #define HAVE_SYSCALL 1
| #define HAVE_UTIMENSAT 1
| #define HAVE_MEMPCPY 1
| #define HAVE_STPNCPY 1
| #define HAVE_STRCHRNUL 1
| #define HAVE_MEMRCHR 1
| #define HAVE_STRNDUP 1
| #define HAVE_CLOSE_RANGE 1
| #define HAVE_WCSNCPY 1
| #define HAVE_SBRK 1
| #define HAVE_WCPNCPY 1
| #define HAVE_WCSXFRM 1
| #define HAVE_SEM_TIMEDWAIT 1
| #define HAVE_FDATASYNC 1
| #define HAVE_GETRANDOM 1
| #define HAVE_TIMER_DELETE 1
| /* end confdefs.h.  */
| 
| #include <boost/thread.hpp>
| static void thread_func(void)
| { }
| int main(int argc, char** argv)
| {
|   boost::thread t(thread_func);
|   return 0;
| }
| 
configure:20050: result: no
configure:20080: checking for OpenMP
configure:20097: gcc -o conftest -fopenmp -m64 -Werror   conftest.c  >&5
configure:20097: $? = 0
configure:20101: result: yes
configure:20129: checking for libaio
configure:20147: gcc -o conftest -m64   conftest.c -laio >&5
conftest.c:124:10: fatal error: libaio.h: No such file or directory
  124 | #include <libaio.h>
      |          ^~~~~~~~~~
compilation terminated.
configure:20147: $? = 1
configure: failed program was:
| /* confdefs.h */
| #define PACKAGE_NAME "Valgrind"
| #define PACKAGE_TARNAME "valgrind"
| #define PACKAGE_VERSION "3.26.0"
| #define PACKAGE_STRING "Valgrind 3.26.0"
| #define PACKAGE_BUGREPORT "valgrind-users@lists.sourceforge.net"
| #define PACKAGE_URL ""
| #define PACKAGE "valgrind"
| #define VERSION "3.26.0"
| #define GDB_PATH "/usr/bin/gdb"
| #define VG_TMPDIR "/tmp"
| #define HAVE_STDIO_H 1
| #define HAVE_STDLIB_H 1
| #define HAVE_STRING_H 1
| #define HAVE_INTTYPES_H 1
| #define HAVE_STDINT_H 1
| #define HAVE_STRINGS_H 1
| #define HAVE_SYS_STAT_H 1
| #define HAVE_SYS_TYPES_H 1
| #define HAVE_UNISTD_H 1
| #define HAVE_SYS_TIME_H 1
| #define HAVE_SYS_PARAM_H 1
| #define STDC_HEADERS 1
| #define HAVE_HEADER_FEATURES_H 1
| #define GLIBC_MANDATORY_STRLEN_REDIRECT 1
| #define GLIBC_MANDATORY_INDEX_AND_STRLEN_REDIRECT 1
| #define HAVE_PTRACE_GETREGS 1
| #define HAVE_CLOCK_MONOTONIC 1
| #define HAVE_ELF32_CHDR 1
| #define HAVE_ELF64_CHDR 1
| #define HAVE_PTHREAD_RWLOCK_T 1
| #define HAVE_CLOCKID_T 1
| #define HAVE_PTHREAD_MUTEX_ADAPTIVE_NP 1
| #define HAVE_PTHREAD_MUTEX_ERRORCHECK_NP 1
| #define HAVE_PTHREAD_MUTEX_RECURSIVE_NP 1
| #define HAVE_PTHREAD_RECURSIVE_MUTEX_INITIALIZER_NP 1
| #define HAVE_PTHREAD_MUTEX_T__DATA__KIND 1
| #define HAVE_DLINFO_RTLD_DI_TLS_MODID 1
| #define HAVE_EVENTFD 1
| #define HAVE_EVENTFD_READ 1
| #define HAVE_SYS_USER_REGS 1
| #define HAVE_AS_AMD64_FXSAVE64 1
| #define HAVE_TLS 1
| #define HAVE_ASM_UNISTD_H 1
| #define HAVE_ENDIAN_H 1
| #define HAVE_MQUEUE_H 1
| #define HAVE_SYS_EPOLL_H 1
| #define HAVE_SYS_EVENTFD_H 1
| #define HAVE_SYS_KLOG_H 1
| #define HAVE_SYS_POLL_H 1
| #define HAVE_SYS_PRCTL_H 1
| #define HAVE_SYS_SIGNAL_H 1
| #define HAVE_SYS_SIGNALFD_H 1
| #define HAVE_SYS_SYSCALL_H 1
| #define HAVE_SYS_TIME_H 1
| #define HAVE_SYS_TYPES_H 1
| #define HAVE_USABLE_LINUX_FUTEX_H 1
| #define HAVE_STRUCT_STATX_IN_SYS_STAT_H 1
| #define HAVE_GETPAGESIZE 1
| #define HAVE_MMAP 1
| #define HAVE_LIBPTHREAD 1
| #define HAVE_LIBRT 1
| #define HAVE_LIBRT 1
| #define HAVE_ALIGNED_ALLOC 1
| #define HAVE_CLOCK_GETTIME 1
| #define HAVE_COPY_FILE_RANGE 1
| #define HAVE_EPOLL_CREATE 1
| #define HAVE_EPOLL_PWAIT 1
| #define HAVE_GETADDRINFO 1
| #define HAVE_KLOGCTL 1
| #define HAVE_MALLINFO 1
| #define HAVE_MALLINFO2 1
| #define HAVE_MEMCHR 1
| #define HAVE_MEMFD_CREATE 1
| #define HAVE_MEMSET 1
| #define HAVE_MKDIR 1
| #define HAVE_MREMAP 1
| #define HAVE_PIPE2 1
| #define HAVE_PPOLL 1
| #define HAVE_PREADV 1
| #define HAVE_PREADV2 1
| #define HAVE_PROCESS_VM_READV 1
| #define HAVE_PROCESS_VM_WRITEV 1
| #define HAVE_PTHREAD_BARRIER_INIT 1
| #define HAVE_PTHREAD_CONDATTR_SETCLOCK 1
| #define HAVE_PTHREAD_MUTEX_TIMEDLOCK 1
| #define HAVE_PTHREAD_RWLOCK_TIMEDRDLOCK 1
| #define HAVE_PTHREAD_RWLOCK_TIMEDWRLOCK 1
| #define HAVE_PTHREAD_SETNAME_NP 1
| #define HAVE_PTHREAD_SPIN_LOCK 1
| #define HAVE_PWRITEV 1
| #define HAVE_PWRITEV2 1
| #define HAVE_RAWMEMCHR 1
| #define HAVE_READLINKAT 1
| #define HAVE_REALLOCARRAY 1
| #define HAVE_SEMTIMEDOP 1
| #define HAVE_SETCONTEXT 1
| #define HAVE_SIGNALFD 1
| #define HAVE_SIGWAITINFO 1
| #define HAVE_STRCHR 1
| #define HAVE_STRDUP 1
| #define HAVE_STRPBRK 1
| #define HAVE_STRRCHR 1
| #define HAVE_STRSTR 1
| #define HAVE_SWAPCONTEXT 1
| #define HAVE_SYSCALL 1
| #define HAVE_UTIMENSAT 1
| #define HAVE_MEMPCPY 1
| #define HAVE_STPNCPY 1
| #define HAVE_STRCHRNUL 1
| #define HAVE_MEMRCHR 1
| #define HAVE_STRNDUP 1
| #define HAVE_CLOSE_RANGE 1
| #define HAVE_WCSNCPY 1
| #define HAVE_SBRK 1
| #define HAVE_WCPNCPY 1
| #define HAVE_WCSXFRM 1
| #define HAVE_SEM_TIMEDWAIT 1
| #define HAVE_FDATASYNC 1
| #define HAVE_GETRANDOM 1
| #define HAVE_TIMER_DELETE 1
| /* end confdefs.h.  */
| 
| #include <libaio.h>
| 
| int
| main (void)
| {
| 
| io_context_t ctx;
| io_submit(ctx, 1, NULL);
| 
|   ;
|   return 0;
| }
configure:20157: result: no
configure:20178: checking for __builtin_popcount()
configure:20195: gcc -o conftest    conftest.c  >&5
configure:20195: $? = 0
configure:20198: result: yes
configure:20215: checking for __builtin_clz()
configure:20232: gcc -o conftest    conftest.c  >&5
configure:20232: $? = 0
configure:20235: result: yes
configure:20252: checking for __builtin_ctz()
configure:20269: gcc -o conftest    conftest.c  >&5
configure:20269: $? = 0
configure:20272: result: yes
configure:20290: checking if gcc supports __sync_add_and_fetch for the primary target
configure:20311: gcc -o conftest -m64   conftest.c  >&5
configure:20311: $? = 0
configure:20315: result: yes
configure:20403: checking if gcc supports __sync_add_and_fetch on uint64_t for all targets
configure:20422: gcc -o conftest    conftest.c  >&5
configure:20422: $? = 0
configure:20478: result: yes
configure:20497: checking if platform has openat2 syscall
configure:20515: gcc -o conftest    conftest.c  >&5
configure:20515: $? = 0
configure:20519: result: yes
configure:20548: checking if platform has openssl crypto
configure:20566: gcc -o conftest -m64   conftest.c -lcrypto >&5
configure:20566: $? = 0
configure:20570: result: yes
configure:20595: checking if platform has aio_readv
configure:20614: gcc -o conftest    conftest.c  >&5
conftest.c: In function 'main':
conftest.c:135:3: warning: implicit declaration of function 'aio_readv'; did you mean 'aio_read'? [-Wimplicit-function-declaration]
  135 |   aio_readv(NULL);
      |   ^~~~~~~~~
      |   aio_read
/usr/bin/ld: /tmp/ccGO2V9M.o: in function `main':
conftest.c:(.text+0x13): undefined reference to `aio_readv'
collect2: error: ld returned 1 exit status
configure:20614: $? = 1
configure: failed program was:
| /* confdefs.h */
| #define PACKAGE_NAME "Valgrind"
| #define PACKAGE_TARNAME "valgrind"
| #define PACKAGE_VERSION "3.26.0"
| #define PACKAGE_STRING "Valgrind 3.26.0"
| #define PACKAGE_BUGREPORT "valgrind-users@lists.sourceforge.net"
| #define PACKAGE_URL ""
| #define PACKAGE "valgrind"
| #define VERSION "3.26.0"
| #define GDB_PATH "/usr/bin/gdb"
| #define VG_TMPDIR "/tmp"
| #define HAVE_STDIO_H 1
| #define HAVE_STDLIB_H 1
| #define HAVE_STRING_H 1
| #define HAVE_INTTYPES_H 1
| #define HAVE_STDINT_H 1
| #define HAVE_STRINGS_H 1
| #define HAVE_SYS_STAT_H 1
| #define HAVE_SYS_TYPES_H 1
| #define HAVE_UNISTD_H 1
| #define HAVE_SYS_TIME_H 1
| #define HAVE_SYS_PARAM_H 1
| #define STDC_HEADERS 1
| #define HAVE_HEADER_FEATURES_H 1
| #define GLIBC_MANDATORY_STRLEN_REDIRECT 1
| #define GLIBC_MANDATORY_INDEX_AND_STRLEN_REDIRECT 1
| #define HAVE_PTRACE_GETREGS 1
| #define HAVE_CLOCK_MONOTONIC 1
| #define HAVE_ELF32_CHDR 1
| #define HAVE_ELF64_CHDR 1
| #define HAVE_PTHREAD_RWLOCK_T 1
| #define HAVE_CLOCKID_T 1
| #define HAVE_PTHREAD_MUTEX_ADAPTIVE_NP 1
| #define HAVE_PTHREAD_MUTEX_ERRORCHECK_NP 1
| #define HAVE_PTHREAD_MUTEX_RECURSIVE_NP 1
| #define HAVE_PTHREAD_RECURSIVE_MUTEX_INITIALIZER_NP 1
| #define HAVE_PTHREAD_MUTEX_T__DATA__KIND 1
| #define HAVE_DLINFO_RTLD_DI_TLS_MODID 1
| #define HAVE_EVENTFD 1
| #define HAVE_EVENTFD_READ 1
| #define HAVE_SYS_USER_REGS 1
| #define HAVE_AS_AMD64_FXSAVE64 1
| #define HAVE_TLS 1
| #define HAVE_ASM_UNISTD_H 1
| #define HAVE_ENDIAN_H 1
| #define HAVE_MQUEUE_H 1
| #define HAVE_SYS_EPOLL_H 1
| #define HAVE_SYS_EVENTFD_H 1
| #define HAVE_SYS_KLOG_H 1
| #define HAVE_SYS_POLL_H 1
| #define HAVE_SYS_PRCTL_H 1
| #define HAVE_SYS_SIGNAL_H 1
| #define HAVE_SYS_SIGNALFD_H 1
| #define HAVE_SYS_SYSCALL_H 1
| #define HAVE_SYS_TIME_H 1
| #define HAVE_SYS_TYPES_H 1
| #define HAVE_USABLE_LINUX_FUTEX_H 1
| #define HAVE_STRUCT_STATX_IN_SYS_STAT_H 1
| #define HAVE_GETPAGESIZE 1
| #define HAVE_MMAP 1
| #define HAVE_LIBPTHREAD 1
| #define HAVE_LIBRT 1
| #define HAVE_LIBRT 1
| #define HAVE_ALIGNED_ALLOC 1
| #define HAVE_CLOCK_GETTIME 1
| #define HAVE_COPY_FILE_RANGE 1
| #define HAVE_EPOLL_CREATE 1
| #define HAVE_EPOLL_PWAIT 1
| #define HAVE_GETADDRINFO 1
| #define HAVE_KLOGCTL 1
| #define HAVE_MALLINFO 1
| #define HAVE_MALLINFO2 1
| #define HAVE_MEMCHR 1
| #define HAVE_MEMFD_CREATE 1
| #define HAVE_MEMSET 1
| #define HAVE_MKDIR 1
| #define HAVE_MREMAP 1
| #define HAVE_PIPE2 1
| #define HAVE_PPOLL 1
| #define HAVE_PREADV 1
| #define HAVE_PREADV2 1
| #define HAVE_PROCESS_VM_READV 1
| #define HAVE_PROCESS_VM_WRITEV 1
| #define HAVE_PTHREAD_BARRIER_INIT 1
| #define HAVE_PTHREAD_CONDATTR_SETCLOCK 1
| #define HAVE_PTHREAD_MUTEX_TIMEDLOCK 1
| #define HAVE_PTHREAD_RWLOCK_TIMEDRDLOCK 1
| #define HAVE_PTHREAD_RWLOCK_TIMEDWRLOCK 1
| #define HAVE_PTHREAD_SETNAME_NP 1
| #define HAVE_PTHREAD_SPIN_LOCK 1
| #define HAVE_PWRITEV 1
| #define HAVE_PWRITEV2 1
| #define HAVE_RAWMEMCHR 1
| #define HAVE_READLINKAT 1
| #define HAVE_REALLOCARRAY 1
| #define HAVE_SEMTIMEDOP 1
| #define HAVE_SETCONTEXT 1
| #define HAVE_SIGNALFD 1
| #define HAVE_SIGWAITINFO 1
| #define HAVE_STRCHR 1
| #define HAVE_STRDUP 1
| #define HAVE_STRPBRK 1
| #define HAVE_STRRCHR 1
| #define HAVE_STRSTR 1
| #define HAVE_SWAPCONTEXT 1
| #define HAVE_SYSCALL 1
| #define HAVE_UTIMENSAT 1
| #define HAVE_MEMPCPY 1
| #define HAVE_STPNCPY 1
| #define HAVE_STRCHRNUL 1
| #define HAVE_MEMRCHR 1
| #define HAVE_STRNDUP 1
| #define HAVE_CLOSE_RANGE 1
| #define HAVE_WCSNCPY 1
| #define HAVE_SBRK 1
| #define HAVE_WCPNCPY 1
| #define HAVE_WCSXFRM 1
| #define HAVE_SEM_TIMEDWAIT 1
| #define HAVE_FDATASYNC 1
| #define HAVE_GETRANDOM 1
| #define HAVE_TIMER_DELETE 1
| #define HAVE_BUILTIN_POPCOUT 1
| #define HAVE_BUILTIN_CLZ 1
| #define HAVE_BUILTIN_CTZ 1
| #define HAVE_BUILTIN_ATOMIC 1
| /* end confdefs.h.  */
| 
|   #include <aio.h>
|   #include <stdlib.h>
| 
| int
| main (void)
| {
| 
|   aio_readv(NULL);
| 
|   ;
|   return 0;
| }
configure:20625: result: no
configure:20643: checking if g++ supports __sync_add_and_fetch
configure:20670: g++ -o conftest -m64   conftest.cpp  >&5
configure:20670: $? = 0
configure:20674: result: yes
configure:20738: checking if libstdc++ supports annotating shared pointers
configure:20765: g++ -o conftest -std=c++0x   conftest.cpp  >&5
configure:20765: $? = 0
configure:20799: g++ -o conftest -std=c++0x   conftest.cpp  >&5
/usr/include/c++/11/bits/shared_ptr_base.h: In member function 'void std::_Sp_counted_base<_Lp>::_M_release()':
/usr/include/c++/11/bits/shared_ptr_base.h:164:9: error: lvalue required as decrement operand
  164 |         _GLIBCXX_SYNCHRONIZATION_HAPPENS_BEFORE(&_M_use_count);
/usr/include/c++/11/bits/shared_ptr_base.h:167:13: error: lvalue required as decrement operand
  167 |             _GLIBCXX_SYNCHRONIZATION_HAPPENS_AFTER(&_M_use_count);
/usr/include/c++/11/bits/shared_ptr_base.h:179:13: error: lvalue required as decrement operand
  179 |             _GLIBCXX_SYNCHRONIZATION_HAPPENS_BEFORE(&_M_weak_count);
/usr/include/c++/11/bits/shared_ptr_base.h:183:17: error: lvalue required as decrement operand
  183 |                 _GLIBCXX_SYNCHRONIZATION_HAPPENS_AFTER(&_M_weak_count);
/usr/include/c++/11/bits/shared_ptr_base.h: In member function 'void std::_Sp_counted_base<_Lp>::_M_weak_release()':
/usr/include/c++/11/bits/shared_ptr_base.h:197:9: error: lvalue required as decrement operand
  197 |         _GLIBCXX_SYNCHRONIZATION_HAPPENS_BEFORE(&_M_weak_count);
/usr/include/c++/11/bits/shared_ptr_base.h:200:13: error: lvalue required as decrement operand
  200 |             _GLIBCXX_SYNCHRONIZATION_HAPPENS_AFTER(&_M_weak_count);
configure:20799: $? = 1
configure: failed program was:
| /* confdefs.h */
| #define PACKAGE_NAME "Valgrind"
| #define PACKAGE_TARNAME "valgrind"
| #define PACKAGE_VERSION "3.26.0"
| #define PACKAGE_STRING "Valgrind 3.26.0"
| #define PACKAGE_BUGREPORT "valgrind-users@lists.sourceforge.net"
| #define PACKAGE_URL ""
| #define PACKAGE "valgrind"
| #define VERSION "3.26.0"
| #define GDB_PATH "/usr/bin/gdb"
| #define VG_TMPDIR "/tmp"
| #define HAVE_STDIO_H 1
| #define HAVE_STDLIB_H 1
| #define HAVE_STRING_H 1
| #define HAVE_INTTYPES_H 1
| #define HAVE_STDINT_H 1
| #define HAVE_STRINGS_H 1
| #define HAVE_SYS_STAT_H 1
| #define HAVE_SYS_TYPES_H 1
| #define HAVE_UNISTD_H 1
| #define HAVE_SYS_TIME_H 1
| #define HAVE_SYS_PARAM_H 1
| #define STDC_HEADERS 1
| #define HAVE_HEADER_FEATURES_H 1
| #define GLIBC_MANDATORY_STRLEN_REDIRECT 1
| #define GLIBC_MANDATORY_INDEX_AND_STRLEN_REDIRECT 1
| #define HAVE_PTRACE_GETREGS 1
| #define HAVE_CLOCK_MONOTONIC 1
| #define HAVE_ELF32_CHDR 1
| #define HAVE_ELF64_CHDR 1
| #define HAVE_PTHREAD_RWLOCK_T 1
| #define HAVE_CLOCKID_T 1
| #define HAVE_PTHREAD_MUTEX_ADAPTIVE_NP 1
| #define HAVE_PTHREAD_MUTEX_ERRORCHECK_NP 1
| #define HAVE_PTHREAD_MUTEX_RECURSIVE_NP 1
| #define HAVE_PTHREAD_RECURSIVE_MUTEX_INITIALIZER_NP 1
| #define HAVE_PTHREAD_MUTEX_T__DATA__KIND 1
| #define HAVE_DLINFO_RTLD_DI_TLS_MODID 1
| #define HAVE_EVENTFD 1
| #define HAVE_EVENTFD_READ 1
| #define HAVE_SYS_USER_REGS 1
| #define HAVE_AS_AMD64_FXSAVE64 1
| #define HAVE_TLS 1
| #define HAVE_ASM_UNISTD_H 1
| #define HAVE_ENDIAN_H 1
| #define HAVE_MQUEUE_H 1
| #define HAVE_SYS_EPOLL_H 1
| #define HAVE_SYS_EVENTFD_H 1
| #define HAVE_SYS_KLOG_H 1
| #define HAVE_SYS_POLL_H 1
| #define HAVE_SYS_PRCTL_H 1
| #define HAVE_SYS_SIGNAL_H 1
| #define HAVE_SYS_SIGNALFD_H 1
| #define HAVE_SYS_SYSCALL_H 1
| #define HAVE_SYS_TIME_H 1
| #define HAVE_SYS_TYPES_H 1
| #define HAVE_USABLE_LINUX_FUTEX_H 1
| #define HAVE_STRUCT_STATX_IN_SYS_STAT_H 1
| #define HAVE_GETPAGESIZE 1
| #define HAVE_MMAP 1
| #define HAVE_LIBPTHREAD 1
| #define HAVE_LIBRT 1
| #define HAVE_LIBRT 1
| #define HAVE_ALIGNED_ALLOC 1
| #define HAVE_CLOCK_GETTIME 1
| #define HAVE_COPY_FILE_RANGE 1
| #define HAVE_EPOLL_CREATE 1
| #define HAVE_EPOLL_PWAIT 1
| #define HAVE_GETADDRINFO 1
| #define HAVE_KLOGCTL 1
| #define HAVE_MALLINFO 1
| #define HAVE_MALLINFO2 1
| #define HAVE_MEMCHR 1
| #define HAVE_MEMFD_CREATE 1
| #define HAVE_MEMSET 1
| #define HAVE_MKDIR 1
| #define HAVE_MREMAP 1
| #define HAVE_PIPE2 1
| #define HAVE_PPOLL 1
| #define HAVE_PREADV 1
| #define HAVE_PREADV2 1
| #define HAVE_PROCESS_VM_READV 1
| #define HAVE_PROCESS_VM_WRITEV 1
| #define HAVE_PTHREAD_BARRIER_INIT 1
| #define HAVE_PTHREAD_CONDATTR_SETCLOCK 1
| #define HAVE_PTHREAD_MUTEX_TIMEDLOCK 1
| #define HAVE_PTHREAD_RWLOCK_TIMEDRDLOCK 1
| #define HAVE_PTHREAD_RWLOCK_TIMEDWRLOCK 1
| #define HAVE_PTHREAD_SETNAME_NP 1
| #define HAVE_PTHREAD_SPIN_LOCK 1
| #define HAVE_PWRITEV 1
| #define HAVE_PWRITEV2 1
| #define HAVE_RAWMEMCHR 1
| #define HAVE_READLINKAT 1
| #define HAVE_REALLOCARRAY 1
| #define HAVE_SEMTIMEDOP 1
| #define HAVE_SETCONTEXT 1
| #define HAVE_SIGNALFD 1
| #define HAVE_SIGWAITINFO 1
| #define HAVE_STRCHR 1
| #define HAVE_STRDUP 1
| #define HAVE_STRPBRK 1
| #define HAVE_STRRCHR 1
| #define HAVE_STRSTR 1
| #define HAVE_SWAPCONTEXT 1
| #define HAVE_SYSCALL 1
| #define HAVE_UTIMENSAT 1
| #define HAVE_MEMPCPY 1
| #define HAVE_STPNCPY 1
| #define HAVE_STRCHRNUL 1
| #define HAVE_MEMRCHR 1
| #define HAVE_STRNDUP 1
| #define HAVE_CLOSE_RANGE 1
| #define HAVE_WCSNCPY 1
| #define HAVE_SBRK 1
| #define HAVE_WCPNCPY 1
| #define HAVE_WCSXFRM 1
| #define HAVE_SEM_TIMEDWAIT 1
| #define HAVE_FDATASYNC 1
| #define HAVE_GETRANDOM 1
| #define HAVE_TIMER_DELETE 1
| #define HAVE_BUILTIN_POPCOUT 1
| #define HAVE_BUILTIN_CLZ 1
| #define HAVE_BUILTIN_CTZ 1
| #define HAVE_BUILTIN_ATOMIC 1
| #define HAVE_BUILTIN_ATOMIC_CXX 1
| /* end confdefs.h.  */
| 
|     #define _GLIBCXX_SYNCHRONIZATION_HAPPENS_BEFORE(a) (a)----
|     #define _GLIBCXX_SYNCHRONIZATION_HAPPENS_AFTER(a) (a)----
|     #include <memory>
| 
| int
| main (void)
| {
| 
|     std::shared_ptr<int> p
| 
|   ;
|   return 0;
| }
configure:20809: result: yes
configure:20845: checking for AT_GNU_LIBC_C17_ALIGNED_ALLOC
configure:20864: gcc -c   conftest.c >&5
conftest.c: In function 'main':
conftest.c:137:2: error: #error "not GNU libc 2.38 or later"
  137 | #error "not GNU libc 2.38 or later"
      |  ^~~~~
configure:20864: $? = 1
configure: failed program was:
| /* confdefs.h */
| #define PACKAGE_NAME "Valgrind"
| #define PACKAGE_TARNAME "valgrind"
| #define PACKAGE_VERSION "3.26.0"
| #define PACKAGE_STRING "Valgrind 3.26.0"
| #define PACKAGE_BUGREPORT "valgrind-users@lists.sourceforge.net"
| #define PACKAGE_URL ""
| #define PACKAGE "valgrind"
| #define VERSION "3.26.0"
| #define GDB_PATH "/usr/bin/gdb"
| #define VG_TMPDIR "/tmp"
| #define HAVE_STDIO_H 1
| #define HAVE_STDLIB_H 1
| #define HAVE_STRING_H 1
| #define HAVE_INTTYPES_H 1
| #define HAVE_STDINT_H 1
| #define HAVE_STRINGS_H 1
| #define HAVE_SYS_STAT_H 1
| #define HAVE_SYS_TYPES_H 1
| #define HAVE_UNISTD_H 1
| #define HAVE_SYS_TIME_H 1
| #define HAVE_SYS_PARAM_H 1
| #define STDC_HEADERS 1
| #define HAVE_HEADER_FEATURES_H 1
| #define GLIBC_MANDATORY_STRLEN_REDIRECT 1
| #define GLIBC_MANDATORY_INDEX_AND_STRLEN_REDIRECT 1
| #define HAVE_PTRACE_GETREGS 1
| #define HAVE_CLOCK_MONOTONIC 1
| #define HAVE_ELF32_CHDR 1
| #define HAVE_ELF64_CHDR 1
| #define HAVE_PTHREAD_RWLOCK_T 1
| #define HAVE_CLOCKID_T 1
| #define HAVE_PTHREAD_MUTEX_ADAPTIVE_NP 1
| #define HAVE_PTHREAD_MUTEX_ERRORCHECK_NP 1
| #define HAVE_PTHREAD_MUTEX_RECURSIVE_NP 1
| #define HAVE_PTHREAD_RECURSIVE_MUTEX_INITIALIZER_NP 1
| #define HAVE_PTHREAD_MUTEX_T__DATA__KIND 1
| #define HAVE_DLINFO_RTLD_DI_TLS_MODID 1
| #define HAVE_EVENTFD 1
| #define HAVE_EVENTFD_READ 1
| #define HAVE_SYS_USER_REGS 1
| #define HAVE_AS_AMD64_FXSAVE64 1
| #define HAVE_TLS 1
| #define HAVE_ASM_UNISTD_H 1
| #define HAVE_ENDIAN_H 1
| #define HAVE_MQUEUE_H 1
| #define HAVE_SYS_EPOLL_H 1
| #define HAVE_SYS_EVENTFD_H 1
| #define HAVE_SYS_KLOG_H 1
| #define HAVE_SYS_POLL_H 1
| #define HAVE_SYS_PRCTL_H 1
| #define HAVE_SYS_SIGNAL_H 1
| #define HAVE_SYS_SIGNALFD_H 1
| #define HAVE_SYS_SYSCALL_H 1
| #define HAVE_SYS_TIME_H 1
| #define HAVE_SYS_TYPES_H 1
| #define HAVE_USABLE_LINUX_FUTEX_H 1
| #define HAVE_STRUCT_STATX_IN_SYS_STAT_H 1
| #define HAVE_GETPAGESIZE 1
| #define HAVE_MMAP 1
| #define HAVE_LIBPTHREAD 1
| #define HAVE_LIBRT 1
| #define HAVE_LIBRT 1
| #define HAVE_ALIGNED_ALLOC 1
| #define HAVE_CLOCK_GETTIME 1
| #define HAVE_COPY_FILE_RANGE 1
| #define HAVE_EPOLL_CREATE 1
| #define HAVE_EPOLL_PWAIT 1
| #define HAVE_GETADDRINFO 1
| #define HAVE_KLOGCTL 1
| #define HAVE_MALLINFO 1
| #define HAVE_MALLINFO2 1
| #define HAVE_MEMCHR 1
| #define HAVE_MEMFD_CREATE 1
| #define HAVE_MEMSET 1
| #define HAVE_MKDIR 1
| #define HAVE_MREMAP 1
| #define HAVE_PIPE2 1
| #define HAVE_PPOLL 1
| #define HAVE_PREADV 1
| #define HAVE_PREADV2 1
| #define HAVE_PROCESS_VM_READV 1
| #define HAVE_PROCESS_VM_WRITEV 1
| #define HAVE_PTHREAD_BARRIER_INIT 1
| #define HAVE_PTHREAD_CONDATTR_SETCLOCK 1
| #define HAVE_PTHREAD_MUTEX_TIMEDLOCK 1
| #define HAVE_PTHREAD_RWLOCK_TIMEDRDLOCK 1
| #define HAVE_PTHREAD_RWLOCK_TIMEDWRLOCK 1
| #define HAVE_PTHREAD_SETNAME_NP 1
| #define HAVE_PTHREAD_SPIN_LOCK 1
| #define HAVE_PWRITEV 1
| #define HAVE_PWRITEV2 1
| #define HAVE_RAWMEMCHR 1
| #define HAVE_READLINKAT 1
| #define HAVE_REALLOCARRAY 1
| #define HAVE_SEMTIMEDOP 1
| #define HAVE_SETCONTEXT 1
| #define HAVE_SIGNALFD 1
| #define HAVE_SIGWAITINFO 1
| #define HAVE_STRCHR 1
| #define HAVE_STRDUP 1
| #define HAVE_STRPBRK 1
| #define HAVE_STRRCHR 1
| #define HAVE_STRSTR 1
| #define HAVE_SWAPCONTEXT 1
| #define HAVE_SYSCALL 1
| #define HAVE_UTIMENSAT 1
| #define HAVE_MEMPCPY 1
| #define HAVE_STPNCPY 1
| #define HAVE_STRCHRNUL 1
| #define HAVE_MEMRCHR 1
| #define HAVE_STRNDUP 1
| #define HAVE_CLOSE_RANGE 1
| #define HAVE_WCSNCPY 1
| #define HAVE_SBRK 1
| #define HAVE_WCPNCPY 1
| #define HAVE_WCSXFRM 1
| #define HAVE_SEM_TIMEDWAIT 1
| #define HAVE_FDATASYNC 1
| #define HAVE_GETRANDOM 1
| #define HAVE_TIMER_DELETE 1
| #define HAVE_BUILTIN_POPCOUT 1
| #define HAVE_BUILTIN_CLZ 1
| #define HAVE_BUILTIN_CTZ 1
| #define HAVE_BUILTIN_ATOMIC 1
| #define HAVE_BUILTIN_ATOMIC_CXX 1
| #define HAVE_SHARED_POINTER_ANNOTATION 1
| /* end confdefs.h.  */
| 
| #include <features.h>
| 
| int
| main (void)
| {
| 
| #if !defined(__GLIBC__) || __GLIBC__ != 2 || !defined(__GLIBC_MINOR__) || __GLIBC_MINOR__ < 38
| #error "not GNU libc 2.38 or later"
| #endif
| 
|   ;
|   return 0;
| }
configure:20876: result: no
configure:20884: checking for thrd_create()
configure:20900: gcc -c   conftest.c >&5
configure:20900: $? = 0
configure:20904: result: yes
configure:20930: checking for sha3
configure:20945: gcc -c  -march=armv8.2-a+sha3  conftest.c >&5
cc1: error: bad value ('armv8.2-a+sha3') for '-march=' switch
cc1: note: valid arguments to '-march=' switch are: nocona core2 nehalem corei7 westmere sandybridge corei7-avx ivybridge core-avx-i haswell core-avx2 broadwell skylake skylake-avx512 cannonlake icelake-client rocketlake icelake-server cascadelake tigerlake cooperlake sapphirerapids alderlake bonnell atom silvermont slm goldmont goldmont-plus tremont knl knm x86-64 x86-64-v2 x86-64-v3 x86-64-v4 eden-x2 nano nano-1000 nano-2000 nano-3000 nano-x2 eden-x4 nano-x4 k8 k8-sse3 opteron opteron-sse3 athlon64 athlon64-sse3 athlon-fx amdfam10 barcelona bdver1 bdver2 bdver3 bdver4 znver1 znver2 znver3 btver1 btver2 native
configure:20945: $? = 1
configure: failed program was:
| /* confdefs.h */
| #define PACKAGE_NAME "Valgrind"
| #define PACKAGE_TARNAME "valgrind"
| #define PACKAGE_VERSION "3.26.0"
| #define PACKAGE_STRING "Valgrind 3.26.0"
| #define PACKAGE_BUGREPORT "valgrind-users@lists.sourceforge.net"
| #define PACKAGE_URL ""
| #define PACKAGE "valgrind"
| #define VERSION "3.26.0"
| #define GDB_PATH "/usr/bin/gdb"
| #define VG_TMPDIR "/tmp"
| #define HAVE_STDIO_H 1
| #define HAVE_STDLIB_H 1
| #define HAVE_STRING_H 1
| #define HAVE_INTTYPES_H 1
| #define HAVE_STDINT_H 1
| #define HAVE_STRINGS_H 1
| #define HAVE_SYS_STAT_H 1
| #define HAVE_SYS_TYPES_H 1
| #define HAVE_UNISTD_H 1
| #define HAVE_SYS_TIME_H 1
| #define HAVE_SYS_PARAM_H 1
| #define STDC_HEADERS 1
| #define HAVE_HEADER_FEATURES_H 1
| #define GLIBC_MANDATORY_STRLEN_REDIRECT 1
| #define GLIBC_MANDATORY_INDEX_AND_STRLEN_REDIRECT 1
| #define HAVE_PTRACE_GETREGS 1
| #define HAVE_CLOCK_MONOTONIC 1
| #define HAVE_ELF32_CHDR 1
| #define HAVE_ELF64_CHDR 1
| #define HAVE_PTHREAD_RWLOCK_T 1
| #define HAVE_CLOCKID_T 1
| #define HAVE_PTHREAD_MUTEX_ADAPTIVE_NP 1
| #define HAVE_PTHREAD_MUTEX_ERRORCHECK_NP 1
| #define HAVE_PTHREAD_MUTEX_RECURSIVE_NP 1
| #define HAVE_PTHREAD_RECURSIVE_MUTEX_INITIALIZER_NP 1
| #define HAVE_PTHREAD_MUTEX_T__DATA__KIND 1
| #define HAVE_DLINFO_RTLD_DI_TLS_MODID 1
| #define HAVE_EVENTFD 1
| #define HAVE_EVENTFD_READ 1
| #define HAVE_SYS_USER_REGS 1
| #define HAVE_AS_AMD64_FXSAVE64 1
| #define HAVE_TLS 1
| #define HAVE_ASM_UNISTD_H 1
| #define HAVE_ENDIAN_H 1
| #define HAVE_MQUEUE_H 1
| #define HAVE_SYS_EPOLL_H 1
| #define HAVE_SYS_EVENTFD_H 1
| #define HAVE_SYS_KLOG_H 1
| #define HAVE_SYS_POLL_H 1
| #define HAVE_SYS_PRCTL_H 1
| #define HAVE_SYS_SIGNAL_H 1
| #define HAVE_SYS_SIGNALFD_H 1
| #define HAVE_SYS_SYSCALL_H 1
| #define HAVE_SYS_TIME_H 1
| #define HAVE_SYS_TYPES_H 1
| #define HAVE_USABLE_LINUX_FUTEX_H 1
| #define HAVE_STRUCT_STATX_IN_SYS_STAT_H 1
| #define HAVE_GETPAGESIZE 1
| #define HAVE_MMAP 1
| #define HAVE_LIBPTHREAD 1
| #define HAVE_LIBRT 1
| #define HAVE_LIBRT 1
| #define HAVE_ALIGNED_ALLOC 1
| #define HAVE_CLOCK_GETTIME 1
| #define HAVE_COPY_FILE_RANGE 1
| #define HAVE_EPOLL_CREATE 1
| #define HAVE_EPOLL_PWAIT 1
| #define HAVE_GETADDRINFO 1
| #define HAVE_KLOGCTL 1
| #define HAVE_MALLINFO 1
| #define HAVE_MALLINFO2 1
| #define HAVE_MEMCHR 1
| #define HAVE_MEMFD_CREATE 1
| #define HAVE_MEMSET 1
| #define HAVE_MKDIR 1
| #define HAVE_MREMAP 1
| #define HAVE_PIPE2 1
| #define HAVE_PPOLL 1
| #define HAVE_PREADV 1
| #define HAVE_PREADV2 1
| #define HAVE_PROCESS_VM_READV 1
| #define HAVE_PROCESS_VM_WRITEV 1
| #define HAVE_PTHREAD_BARRIER_INIT 1
| #define HAVE_PTHREAD_CONDATTR_SETCLOCK 1
| #define HAVE_PTHREAD_MUTEX_TIMEDLOCK 1
| #define HAVE_PTHREAD_RWLOCK_TIMEDRDLOCK 1
| #define HAVE_PTHREAD_RWLOCK_TIMEDWRLOCK 1
| #define HAVE_PTHREAD_SETNAME_NP 1
| #define HAVE_PTHREAD_SPIN_LOCK 1
| #define HAVE_PWRITEV 1
| #define HAVE_PWRITEV2 1
| #define HAVE_RAWMEMCHR 1
| #define HAVE_READLINKAT 1
| #define HAVE_REALLOCARRAY 1
| #define HAVE_SEMTIMEDOP 1
| #define HAVE_SETCONTEXT 1
| #define HAVE_SIGNALFD 1
| #define HAVE_SIGWAITINFO 1
| #define HAVE_STRCHR 1
| #define HAVE_STRDUP 1
| #define HAVE_STRPBRK 1
| #define HAVE_STRRCHR 1
| #define HAVE_STRSTR 1
| #define HAVE_SWAPCONTEXT 1
| #define HAVE_SYSCALL 1
| #define HAVE_UTIMENSAT 1
| #define HAVE_MEMPCPY 1
| #define HAVE_STPNCPY 1
| #define HAVE_STRCHRNUL 1
| #define HAVE_MEMRCHR 1
| #define HAVE_STRNDUP 1
| #define HAVE_CLOSE_RANGE 1
| #define HAVE_WCSNCPY 1
| #define HAVE_SBRK 1
| #define HAVE_WCPNCPY 1
| #define HAVE_WCSXFRM 1
| #define HAVE_SEM_TIMEDWAIT 1
| #define HAVE_FDATASYNC 1
| #define HAVE_GETRANDOM 1
| #define HAVE_TIMER_DELETE 1
| #define HAVE_BUILTIN_POPCOUT 1
| #define HAVE_BUILTIN_CLZ 1
| #define HAVE_BUILTIN_CTZ 1
| #define HAVE_BUILTIN_ATOMIC 1
| #define HAVE_BUILTIN_ATOMIC_CXX 1
| #define HAVE_SHARED_POINTER_ANNOTATION 1
| /* end confdefs.h.  */
| 
| int
| main (void)
| {
| 
|    return 0;
| 
|   ;
|   return 0;
| }
configure:20955: result: no
configure:21130: checking that generated files are newer than configure
configure:21136: result: done
configure:22043: creating ./config.status

## ---------------------- ##
## Running config.status. ##
## ---------------------- ##

This file was extended by Valgrind config.status 3.26.0, which was
generated by GNU Autoconf 2.72.  Invocation command line was

  CONFIG_FILES    = 
  CONFIG_HEADERS  = 
  CONFIG_LINKS    = 
  CONFIG_COMMANDS = 
  $ ./config.status 

on supercalculator2

config.status:1589: creating Makefile
config.status:1589: creating VEX/Makefile
config.status:1589: creating valgrind.spec
config.status:1589: creating valgrind.pc
config.status:1589: creating glibc-2.X.supp
config.status:1589: creating glibc-2.X-helgrind.supp
config.status:1589: creating glibc-2.X-drd.supp
config.status:1589: creating include/valgrind.h
config.status:1589: creating docs/Makefile
config.status:1589: creating docs/xml/vg-entities.xml
config.status:1589: creating tests/Makefile
config.status:1589: creating perf/Makefile
config.status:1589: creating gdbserver_tests/Makefile
config.status:1589: creating gdbserver_tests/solaris/Makefile
config.status:1589: creating include/Makefile
config.status:1589: creating auxprogs/Makefile
config.status:1589: creating mpi/Makefile
config.status:1589: creating coregrind/Makefile
config.status:1589: creating memcheck/Makefile
config.status:1589: creating memcheck/tests/Makefile
config.status:1589: creating memcheck/tests/common/Makefile
config.status:1589: creating memcheck/tests/amd64/Makefile
config.status:1589: creating memcheck/tests/arm64/Makefile
config.status:1589: creating memcheck/tests/x86/Makefile
config.status:1589: creating memcheck/tests/linux/Makefile
config.status:1589: creating memcheck/tests/linux/debuginfod-check.vgtest
config.status:1589: creating memcheck/tests/darwin/Makefile
config.status:1589: creating memcheck/tests/solaris/Makefile
config.status:1589: creating memcheck/tests/freebsd/Makefile
config.status:1589: creating memcheck/tests/amd64-linux/Makefile
config.status:1589: creating memcheck/tests/arm64-linux/Makefile
config.status:1589: creating memcheck/tests/x86-linux/Makefile
config.status:1589: creating memcheck/tests/riscv64-linux/Makefile
config.status:1589: creating memcheck/tests/amd64-solaris/Makefile
config.status:1589: creating memcheck/tests/x86-solaris/Makefile
config.status:1589: creating memcheck/tests/amd64-freebsd/Makefile
config.status:1589: creating memcheck/tests/arm64-freebsd/Makefile
config.status:1589: creating memcheck/tests/x86-freebsd/Makefile
config.status:1589: creating memcheck/tests/ppc32/Makefile
config.status:1589: creating memcheck/tests/ppc64/Makefile
config.status:1589: creating memcheck/tests/s390x/Makefile
config.status:1589: creating memcheck/tests/mips32/Makefile
config.status:1589: creating memcheck/tests/mips64/Makefile
config.status:1589: creating memcheck/tests/vbit-test/Makefile
config.status:1589: creating cachegrind/Makefile
config.status:1589: creating cachegrind/tests/Makefile
config.status:1589: creating cachegrind/tests/x86/Makefile
config.status:1589: creating cachegrind/cg_annotate
config.status:1589: creating cachegrind/cg_diff
config.status:1589: creating cachegrind/cg_merge
config.status:1589: creating callgrind/Makefile
config.status:1589: creating callgrind/callgrind_annotate
config.status:1589: creating callgrind/callgrind_control
config.status:1589: creating callgrind/tests/Makefile
config.status:1589: creating helgrind/Makefile
config.status:1589: creating helgrind/tests/Makefile
config.status:1589: creating drd/Makefile
config.status:1589: creating drd/scripts/download-and-build-splash2
config.status:1589: creating drd/tests/Makefile
config.status:1589: creating massif/Makefile
config.status:1589: creating massif/tests/Makefile
config.status:1589: creating massif/ms_print
config.status:1589: creating dhat/Makefile
config.status:1589: creating dhat/tests/Makefile
config.status:1589: creating lackey/Makefile
config.status:1589: creating lackey/tests/Makefile
config.status:1589: creating none/Makefile
config.status:1589: creating none/tests/Makefile
config.status:1589: creating none/tests/scripts/Makefile
config.status:1589: creating none/tests/amd64/Makefile
config.status:1589: creating none/tests/ppc32/Makefile
config.status:1589: creating none/tests/ppc64/Makefile
config.status:1589: creating none/tests/x86/Makefile
config.status:1589: creating none/tests/arm/Makefile
config.status:1589: creating none/tests/arm64/Makefile
config.status:1589: creating none/tests/s390x/Makefile
config.status:1589: creating none/tests/s390x/disasm-test/Makefile
config.status:1589: creating none/tests/iropt-test/Makefile
config.status:1589: creating none/tests/mips32/Makefile
config.status:1589: creating none/tests/mips64/Makefile
config.status:1589: creating none/tests/nanomips/Makefile
config.status:1589: creating none/tests/riscv64/Makefile
config.status:1589: creating none/tests/linux/Makefile
config.status:1589: creating none/tests/darwin/Makefile
config.status:1589: creating none/tests/solaris/Makefile
config.status:1589: creating none/tests/freebsd/Makefile
config.status:1589: creating none/tests/amd64-linux/Makefile
config.status:1589: creating none/tests/x86-linux/Makefile
config.status:1589: creating none/tests/amd64-darwin/Makefile
config.status:1589: creating none/tests/x86-darwin/Makefile
config.status:1589: creating none/tests/amd64-solaris/Makefile
config.status:1589: creating none/tests/x86-solaris/Makefile
config.status:1589: creating none/tests/x86-freebsd/Makefile
config.status:1589: creating exp-bbv/Makefile
config.status:1589: creating exp-bbv/tests/Makefile
config.status:1589: creating exp-bbv/tests/x86/Makefile
config.status:1589: creating exp-bbv/tests/x86-linux/Makefile
config.status:1589: creating exp-bbv/tests/amd64-linux/Makefile
config.status:1589: creating exp-bbv/tests/ppc32-linux/Makefile
config.status:1589: creating exp-bbv/tests/arm-linux/Makefile
config.status:1589: creating shared/Makefile
config.status:1589: creating solaris/Makefile
config.status:1589: creating coregrind/link_tool_exe_linux
config.status:1589: creating coregrind/link_tool_exe_freebsd
config.status:1589: creating coregrind/link_tool_exe_darwin
config.status:1589: creating coregrind/link_tool_exe_solaris
config.status:1589: creating coregrind/vgstack
config.status:1589: creating tests/filter_stderr_basic
config.status:1589: creating tests/filter_discards
config.status:1589: creating tests/vg_regtest
config.status:1589: creating perf/vg_perf
config.status:1589: creating memcheck/tests/filter_stderr
config.status:1589: creating memcheck/tests/filter_dw4
config.status:1589: creating memcheck/tests/filter_overlaperror
config.status:1589: creating memcheck/tests/filter_supp
config.status:1589: creating memcheck/tests/x86/filter_pushfpopf
config.status:1589: creating gdbserver_tests/filter_gdb
config.status:1589: creating gdbserver_tests/filter_memcheck_monitor
config.status:1589: creating gdbserver_tests/filter_stderr
config.status:1589: creating gdbserver_tests/filter_vgdb
config.status:1589: creating drd/tests/filter_stderr
config.status:1589: creating drd/tests/filter_error_count
config.status:1589: creating drd/tests/filter_error_summary
config.status:1589: creating drd/tests/filter_stderr_and_thread_no_and_offset
config.status:1589: creating drd/tests/filter_thread_no
config.status:1589: creating drd/tests/filter_xml_and_thread_no
config.status:1589: creating helgrind/tests/filter_stderr
config.status:1589: creating config.h
config.status:1818: executing depfiles commands
config.status:1895: cd VEX       && sed -e '/# am--include-marker/d' Makefile         | make -f - am--depfiles
config.status:1900: $? = 0
config.status:1895: cd tests       && sed -e '/# am--include-marker/d' Makefile         | make -f - am--depfiles
config.status:1900: $? = 0
config.status:1895: cd perf       && sed -e '/# am--include-marker/d' Makefile         | make -f - am--depfiles
config.status:1900: $? = 0
config.status:1895: cd gdbserver_tests       && sed -e '/# am--include-marker/d' Makefile         | make -f - am--depfiles
config.status:1900: $? = 0
config.status:1895: cd auxprogs       && sed -e '/# am--include-marker/d' Makefile         | make -f - am--depfiles
/tmp/GmD1JWvU:1289: warning: overriding recipe for target '/home/francesco/codicivscode/Uni/SecondoAnno/PrimoSemestre/Sistemi'
/tmp/GmD1JWvU:1285: warning: ignoring old recipe for target '/home/francesco/codicivscode/Uni/SecondoAnno/PrimoSemestre/Sistemi'
/tmp/GmD1JWvU:1295: warning: overriding recipe for target '/home/francesco/codicivscode/Uni/SecondoAnno/PrimoSemestre/Sistemi'
/tmp/GmD1JWvU:1289: warning: ignoring old recipe for target '/home/francesco/codicivscode/Uni/SecondoAnno/PrimoSemestre/Sistemi'
/tmp/GmD1JWvU:1304: warning: overriding recipe for target '/home/francesco/codicivscode/Uni/SecondoAnno/PrimoSemestre/Sistemi'
/tmp/GmD1JWvU:1295: warning: ignoring old recipe for target '/home/francesco/codicivscode/Uni/SecondoAnno/PrimoSemestre/Sistemi'
/tmp/GmD1JWvU:1318: warning: overriding recipe for target '/home/francesco/codicivscode/Uni/SecondoAnno/PrimoSemestre/Sistemi'
/tmp/GmD1JWvU:1304: warning: ignoring old recipe for target '/home/francesco/codicivscode/Uni/SecondoAnno/PrimoSemestre/Sistemi'
config.status:1900: $? = 0
config.status:1895: cd mpi       && sed -e '/# am--include-marker/d' Makefile         | make -f - am--depfiles
config.status:1900: $? = 0
config.status:1895: cd coregrind       && sed -e '/# am--include-marker/d' Makefile         | make -f - am--depfiles
config.status:1900: $? = 0
config.status:1895: cd memcheck       && sed -e '/# am--include-marker/d' Makefile         | make -f - am--depfiles
config.status:1900: $? = 0
config.status:1895: cd memcheck/tests       && sed -e '/# am--include-marker/d' Makefile         | make -f - am--depfiles
config.status:1900: $? = 0
config.status:1895: cd memcheck/tests/amd64       && sed -e '/# am--include-marker/d' Makefile         | make -f - am--depfiles
config.status:1900: $? = 0
config.status:1895: cd memcheck/tests/arm64       && sed -e '/# am--include-marker/d' Makefile         | make -f - am--depfiles
config.status:1900: $? = 0
config.status:1895: cd memcheck/tests/x86       && sed -e '/# am--include-marker/d' Makefile         | make -f - am--depfiles
config.status:1900: $? = 0
config.status:1895: cd memcheck/tests/linux       && sed -e '/# am--include-marker/d' Makefile         | make -f - am--depfiles
config.status:1900: $? = 0
config.status:1895: cd memcheck/tests/darwin       && sed -e '/# am--include-marker/d' Makefile         | make -f - am--depfiles
config.status:1900: $? = 0
config.status:1895: cd memcheck/tests/solaris       && sed -e '/# am--include-marker/d' Makefile         | make -f - am--depfiles
config.status:1900: $? = 0
config.status:1895: cd memcheck/tests/freebsd       && sed -e '/# am--include-marker/d' Makefile         | make -f - am--depfiles
config.status:1900: $? = 0
config.status:1895: cd memcheck/tests/amd64-linux       && sed -e '/# am--include-marker/d' Makefile         | make -f - am--depfiles
config.status:1900: $? = 0
config.status:1895: cd memcheck/tests/arm64-linux       && sed -e '/# am--include-marker/d' Makefile         | make -f - am--depfiles
config.status:1900: $? = 0
config.status:1895: cd memcheck/tests/x86-linux       && sed -e '/# am--include-marker/d' Makefile         | make -f - am--depfiles
config.status:1900: $? = 0
config.status:1895: cd memcheck/tests/riscv64-linux       && sed -e '/# am--include-marker/d' Makefile         | make -f - am--depfiles
config.status:1900: $? = 0
config.status:1895: cd memcheck/tests/amd64-solaris       && sed -e '/# am--include-marker/d' Makefile         | make -f - am--depfiles
config.status:1900: $? = 0
config.status:1895: cd memcheck/tests/x86-solaris       && sed -e '/# am--include-marker/d' Makefile         | make -f - am--depfiles
config.status:1900: $? = 0
config.status:1895: cd memcheck/tests/amd64-freebsd       && sed -e '/# am--include-marker/d' Makefile         | make -f - am--depfiles
config.status:1900: $? = 0
config.status:1895: cd memcheck/tests/arm64-freebsd       && sed -e '/# am--include-marker/d' Makefile         | make -f - am--depfiles
config.status:1900: $? = 0
config.status:1895: cd memcheck/tests/x86-freebsd       && sed -e '/# am--include-marker/d' Makefile         | make -f - am--depfiles
config.status:1900: $? = 0
config.status:1895: cd memcheck/tests/ppc32       && sed -e '/# am--include-marker/d' Makefile         | make -f - am--depfiles
config.status:1900: $? = 0
config.status:1895: cd memcheck/tests/ppc64       && sed -e '/# am--include-marker/d' Makefile         | make -f - am--depfiles
config.status:1900: $? = 0
config.status:1895: cd memcheck/tests/s390x       && sed -e '/# am--include-marker/d' Makefile         | make -f - am--depfiles
config.status:1900: $? = 0
config.status:1895: cd memcheck/tests/mips32       && sed -e '/# am--include-marker/d' Makefile         | make -f - am--depfiles
config.status:1900: $? = 0
config.status:1895: cd memcheck/tests/mips64       && sed -e '/# am--include-marker/d' Makefile         | make -f - am--depfiles
config.status:1900: $? = 0
config.status:1895: cd memcheck/tests/vbit-test       && sed -e '/# am--include-marker/d' Makefile         | make -f - am--depfiles
config.status:1900: $? = 0
config.status:1895: cd cachegrind       && sed -e '/# am--include-marker/d' Makefile         | make -f - am--depfiles
config.status:1900: $? = 0
config.status:1895: cd cachegrind/tests       && sed -e '/# am--include-marker/d' Makefile         | make -f - am--depfiles
config.status:1900: $? = 0
config.status:1895: cd cachegrind/tests/x86       && sed -e '/# am--include-marker/d' Makefile         | make -f - am--depfiles
config.status:1900: $? = 0
config.status:1895: cd callgrind       && sed -e '/# am--include-marker/d' Makefile         | make -f - am--depfiles
config.status:1900: $? = 0
config.status:1895: cd callgrind/tests       && sed -e '/# am--include-marker/d' Makefile         | make -f - am--depfiles
config.status:1900: $? = 0
config.status:1895: cd helgrind       && sed -e '/# am--include-marker/d' Makefile         | make -f - am--depfiles
config.status:1900: $? = 0
config.status:1895: cd helgrind/tests       && sed -e '/# am--include-marker/d' Makefile         | make -f - am--depfiles
config.status:1900: $? = 0
config.status:1895: cd drd       && sed -e '/# am--include-marker/d' Makefile         | make -f - am--depfiles
config.status:1900: $? = 0
config.status:1895: cd drd/tests       && sed -e '/# am--include-marker/d' Makefile         | make -f - am--depfiles
config.status:1900: $? = 0
config.status:1895: cd massif       && sed -e '/# am--include-marker/d' Makefile         | make -f - am--depfiles
config.status:1900: $? = 0
config.status:1895: cd massif/tests       && sed -e '/# am--include-marker/d' Makefile         | make -f - am--depfiles
config.status:1900: $? = 0
config.status:1895: cd dhat       && sed -e '/# am--include-marker/d' Makefile         | make -f - am--depfiles
config.status:1900: $? = 0
config.status:1895: cd dhat/tests       && sed -e '/# am--include-marker/d' Makefile         | make -f - am--depfiles
config.status:1900: $? = 0
config.status:1895: cd lackey       && sed -e '/# am--include-marker/d' Makefile         | make -f - am--depfiles
config.status:1900: $? = 0
config.status:1895: cd none       && sed -e '/# am--include-marker/d' Makefile         | make -f - am--depfiles
config.status:1900: $? = 0
config.status:1895: cd none/tests       && sed -e '/# am--include-marker/d' Makefile         | make -f - am--depfiles
config.status:1900: $? = 0
config.status:1895: cd none/tests/amd64       && sed -e '/# am--include-marker/d' Makefile         | make -f - am--depfiles
config.status:1900: $? = 0
config.status:1895: cd none/tests/ppc32       && sed -e '/# am--include-marker/d' Makefile         | make -f - am--depfiles
config.status:1900: $? = 0
config.status:1895: cd none/tests/ppc64       && sed -e '/# am--include-marker/d' Makefile         | make -f - am--depfiles
config.status:1900: $? = 0
config.status:1895: cd none/tests/x86       && sed -e '/# am--include-marker/d' Makefile         | make -f - am--depfiles
config.status:1900: $? = 0
config.status:1895: cd none/tests/arm       && sed -e '/# am--include-marker/d' Makefile         | make -f - am--depfiles
config.status:1900: $? = 0
config.status:1895: cd none/tests/arm64       && sed -e '/# am--include-marker/d' Makefile         | make -f - am--depfiles
config.status:1900: $? = 0
config.status:1895: cd none/tests/s390x       && sed -e '/# am--include-marker/d' Makefile         | make -f - am--depfiles
config.status:1900: $? = 0
config.status:1895: cd none/tests/s390x/disasm-test       && sed -e '/# am--include-marker/d' Makefile         | make -f - am--depfiles
config.status:1900: $? = 0
config.status:1895: cd none/tests/iropt-test       && sed -e '/# am--include-marker/d' Makefile         | make -f - am--depfiles
config.status:1900: $? = 0
config.status:1895: cd none/tests/mips32       && sed -e '/# am--include-marker/d' Makefile         | make -f - am--depfiles
config.status:1900: $? = 0
config.status:1895: cd none/tests/mips64       && sed -e '/# am--include-marker/d' Makefile         | make -f - am--depfiles
config.status:1900: $? = 0
config.status:1895: cd none/tests/nanomips       && sed -e '/# am--include-marker/d' Makefile         | make -f - am--depfiles
config.status:1900: $? = 0
config.status:1895: cd none/tests/riscv64       && sed -e '/# am--include-marker/d' Makefile         | make -f - am--depfiles
config.status:1900: $? = 0
config.status:1895: cd none/tests/linux       && sed -e '/# am--include-marker/d' Makefile         | make -f - am--depfiles
config.status:1900: $? = 0
config.status:1895: cd none/tests/darwin       && sed -e '/# am--include-marker/d' Makefile         | make -f - am--depfiles
config.status:1900: $? = 0
config.status:1895: cd none/tests/solaris       && sed -e '/# am--include-marker/d' Makefile         | make -f - am--depfiles
config.status:1900: $? = 0
config.status:1895: cd none/tests/freebsd       && sed -e '/# am--include-marker/d' Makefile         | make -f - am--depfiles
config.status:1900: $? = 0
config.status:1895: cd none/tests/amd64-linux       && sed -e '/# am--include-marker/d' Makefile         | make -f - am--depfiles
config.status:1900: $? = 0
config.status:1895: cd none/tests/x86-linux       && sed -e '/# am--include-marker/d' Makefile         | make -f - am--depfiles
config.status:1900: $? = 0
config.status:1895: cd none/tests/amd64-darwin       && sed -e '/# am--include-marker/d' Makefile         | make -f - am--depfiles
config.status:1900: $? = 0
config.status:1895: cd none/tests/x86-darwin       && sed -e '/# am--include-marker/d' Makefile         | make -f - am--depfiles
config.status:1900: $? = 0
config.status:1895: cd none/tests/amd64-solaris       && sed -e '/# am--include-marker/d' Makefile         | make -f - am--depfiles
config.status:1900: $? = 0
config.status:1895: cd none/tests/x86-solaris       && sed -e '/# am--include-marker/d' Makefile         | make -f - am--depfiles
config.status:1900: $? = 0
config.status:1895: cd none/tests/x86-freebsd       && sed -e '/# am--include-marker/d' Makefile         | make -f - am--depfiles
config.status:1900: $? = 0
config.status:1895: cd exp-bbv       && sed -e '/# am--include-marker/d' Makefile         | make -f - am--depfiles
config.status:1900: $? = 0
config.status:1895: cd exp-bbv/tests/x86       && sed -e '/# am--include-marker/d' Makefile         | make -f - am--depfiles
config.status:1900: $? = 0
config.status:1895: cd exp-bbv/tests/x86-linux       && sed -e '/# am--include-marker/d' Makefile         | make -f - am--depfiles
config.status:1900: $? = 0
config.status:1895: cd exp-bbv/tests/amd64-linux       && sed -e '/# am--include-marker/d' Makefile         | make -f - am--depfiles
config.status:1900: $? = 0
config.status:1895: cd exp-bbv/tests/ppc32-linux       && sed -e '/# am--include-marker/d' Makefile         | make -f - am--depfiles
config.status:1900: $? = 0
config.status:1895: cd exp-bbv/tests/arm-linux       && sed -e '/# am--include-marker/d' Makefile         | make -f - am--depfiles
config.status:1900: $? = 0

## ---------------- ##
## Cache variables. ##
## ---------------- ##

ac_cv_build=x86_64-pc-linux-gnu
ac_cv_c_compiler_gnu=yes
ac_cv_cxx_compiler_gnu=yes
ac_cv_env_AR_set=
ac_cv_env_AR_value=
ac_cv_env_CCASFLAGS_set=
ac_cv_env_CCASFLAGS_value=
ac_cv_env_CCAS_set=
ac_cv_env_CCAS_value=
ac_cv_env_CCC_set=
ac_cv_env_CCC_value=
ac_cv_env_CC_set=
ac_cv_env_CC_value=
ac_cv_env_CFLAGS_set=
ac_cv_env_CFLAGS_value=
ac_cv_env_CPPFLAGS_set=
ac_cv_env_CPPFLAGS_value=
ac_cv_env_CPP_set=
ac_cv_env_CPP_value=
ac_cv_env_CXXFLAGS_set=
ac_cv_env_CXXFLAGS_value=
ac_cv_env_CXX_set=
ac_cv_env_CXX_value=
ac_cv_env_LDFLAGS_set=
ac_cv_env_LDFLAGS_value=
ac_cv_env_LIBS_set=
ac_cv_env_LIBS_value=
ac_cv_env_LTO_AR_set=
ac_cv_env_LTO_AR_value=
ac_cv_env_LTO_RANLIB_set=
ac_cv_env_LTO_RANLIB_value=
ac_cv_env_SHA256SUM_set=
ac_cv_env_SHA256SUM_value=
ac_cv_env_build_alias_set=
ac_cv_env_build_alias_value=
ac_cv_env_host_alias_set=
ac_cv_env_host_alias_value=
ac_cv_env_target_alias_set=
ac_cv_env_target_alias_value=
ac_cv_func_aligned_alloc=yes
ac_cv_func_clock_gettime=yes
ac_cv_func_close_range=yes
ac_cv_func_copy_file_range=yes
ac_cv_func_epoll_create=yes
ac_cv_func_epoll_pwait=yes
ac_cv_func_exterrctl=no
ac_cv_func_fchroot=no
ac_cv_func_fdatasync=yes
ac_cv_func_free_aligned_sized=no
ac_cv_func_getaddrinfo=yes
ac_cv_func_getpagesize=yes
ac_cv_func_getrandom=yes
ac_cv_func_getrlimitusage=no
ac_cv_func_klogctl=yes
ac_cv_func_mallinfo2=yes
ac_cv_func_mallinfo=yes
ac_cv_func_memchr=yes
ac_cv_func_memcmp_working=yes
ac_cv_func_memfd_create=yes
ac_cv_func_mempcpy=yes
ac_cv_func_memrchr=yes
ac_cv_func_memset=yes
ac_cv_func_mkdir=yes
ac_cv_func_mmap_fixed_mapped=yes
ac_cv_func_mremap=yes
ac_cv_func_pipe2=yes
ac_cv_func_ppoll=yes
ac_cv_func_preadv2=yes
ac_cv_func_preadv=yes
ac_cv_func_process_vm_readv=yes
ac_cv_func_process_vm_writev=yes
ac_cv_func_pthread_barrier_init=yes
ac_cv_func_pthread_condattr_setclock=yes
ac_cv_func_pthread_mutex_timedlock=yes
ac_cv_func_pthread_rwlock_timedrdlock=yes
ac_cv_func_pthread_rwlock_timedwrlock=yes
ac_cv_func_pthread_setname_np=yes
ac_cv_func_pthread_spin_lock=yes
ac_cv_func_pthread_yield=no
ac_cv_func_pwritev2=yes
ac_cv_func_pwritev=yes
ac_cv_func_rawmemchr=yes
ac_cv_func_readlinkat=yes
ac_cv_func_reallocarray=yes
ac_cv_func_sbrk=yes
ac_cv_func_sem_clockwait_np=no
ac_cv_func_sem_timedwait=yes
ac_cv_func_semtimedop=yes
ac_cv_func_setcontext=yes
ac_cv_func_setcred=no
ac_cv_func_signalfd=yes
ac_cv_func_sigwaitinfo=yes
ac_cv_func_stpncpy=yes
ac_cv_func_strchr=yes
ac_cv_func_strchrnul=yes
ac_cv_func_strdup=yes
ac_cv_func_strlcat=no
ac_cv_func_strlcpy=no
ac_cv_func_strndup=yes
ac_cv_func_strpbrk=yes
ac_cv_func_strrchr=yes
ac_cv_func_strstr=yes
ac_cv_func_swapcontext=yes
ac_cv_func_syscall=yes
ac_cv_func_timer_delete=yes
ac_cv_func_utimensat=yes
ac_cv_func_wcpncpy=yes
ac_cv_func_wcsncpy=yes
ac_cv_func_wcsxfrm=yes
ac_cv_header_asm_unistd_h=yes
ac_cv_header_endian_h=yes
ac_cv_header_features_h=yes
ac_cv_header_inttypes_h=yes
ac_cv_header_mqueue_h=yes
ac_cv_header_stdint_h=yes
ac_cv_header_stdio_h=yes
ac_cv_header_stdlib_h=yes
ac_cv_header_string_h=yes
ac_cv_header_strings_h=yes
ac_cv_header_sys_endian_h=no
ac_cv_header_sys_epoll_h=yes
ac_cv_header_sys_eventfd_h=yes
ac_cv_header_sys_klog_h=yes
ac_cv_header_sys_param_h=yes
ac_cv_header_sys_poll_h=yes
ac_cv_header_sys_prctl_h=yes
ac_cv_header_sys_signal_h=yes
ac_cv_header_sys_signalfd_h=yes
ac_cv_header_sys_stat_h=yes
ac_cv_header_sys_syscall_h=yes
ac_cv_header_sys_sysnvl_h=no
ac_cv_header_sys_time_h=yes
ac_cv_header_sys_types_h=yes
ac_cv_header_unistd_h=yes
ac_cv_host=x86_64-pc-linux-gnu
ac_cv_lib_pthread_pthread_create=yes
ac_cv_lib_rt_clock_gettime=yes
ac_cv_lib_rt_timer_delete=yes
ac_cv_member_pthread_mutex_t___data___kind=yes
ac_cv_member_pthread_mutex_t___m_kind=no
ac_cv_objext=o
ac_cv_path_AR=/usr/bin/ar
ac_cv_path_EGREP_TRADITIONAL='/usr/bin/grep -E'
ac_cv_path_GDB=/usr/bin/gdb
ac_cv_path_LTO_AR=/usr/bin/gcc-ar
ac_cv_path_LTO_RANLIB=/usr/bin/gcc-ranlib
ac_cv_path_MPI_CC=mpicc
ac_cv_path_PERL=/usr/bin/perl
ac_cv_path_SED=/usr/bin/sed
ac_cv_path_install='/usr/bin/install -c'
ac_cv_path_mkdir=/usr/bin/mkdir
ac_cv_prog_AWK=gawk
ac_cv_prog_CPP='gcc -E'
ac_cv_prog_SHA256SUM=sha256sum
ac_cv_prog_ac_ct_CC=gcc
ac_cv_prog_ac_ct_CXX=g++
ac_cv_prog_ac_ct_RANLIB=ranlib
ac_cv_prog_cc_c11=
ac_cv_prog_cc_g=yes
ac_cv_prog_cc_stdc=
ac_cv_prog_cxx_cxx11=
ac_cv_prog_cxx_g=yes
ac_cv_prog_cxx_stdcxx=
ac_cv_prog_make_make_set=yes
ac_cv_type_Elf32_Chdr=yes
ac_cv_type_Elf64_Chdr=yes
ac_cv_type_gid_t=yes
ac_cv_type_off_t=yes
ac_cv_type_size_t=yes
ac_cv_type_struct_statx=yes
ac_cv_type_struct_user_regs_struct=yes
ac_cv_type_uid_t=yes
am_cv_CCAS_dependencies_compiler_type=gcc3
am_cv_CC_dependencies_compiler_type=gcc3
am_cv_CXX_dependencies_compiler_type=gcc3
am_cv_filesystem_timestamp_resolution=0.01
am_cv_make_support_nested_variables=yes
am_cv_prog_cc_c_o=yes
am_cv_prog_tar_ustar=gnutar
am_cv_sleep_fractional_seconds=yes
am_cv_xargs_n_works=yes
vg_cv_inner=no
vg_cv_linktime_tls=yes
vg_cv_lto=no
vg_cv_only32bit=no
vg_cv_only64bit=yes
vg_cv_tls=yes
vg_cv_ubsan=no

## ----------------- ##
## Output variables. ##
## ----------------- ##

ACLOCAL='${SHELL} '\''/home/francesco/codicivscode/Uni/SecondoAnno/PrimoSemestre/Sistemi Operativi/EserciziInSessione/2/valgrind-3.26.0/missing'\'' aclocal-1.17'
AMDEPBACKSLASH='\'
AMDEP_FALSE='#'
AMDEP_TRUE=''
AMTAR='$${TAR-tar}'
AM_BACKSLASH='\'
AM_DEFAULT_V='$(AM_DEFAULT_VERBOSITY)'
AM_DEFAULT_VERBOSITY='1'
AM_V='$(V)'
AR='/usr/bin/ar'
AUTOCONF='${SHELL} '\''/home/francesco/codicivscode/Uni/SecondoAnno/PrimoSemestre/Sistemi Operativi/EserciziInSessione/2/valgrind-3.26.0/missing'\'' autoconf'
AUTOHEADER='${SHELL} '\''/home/francesco/codicivscode/Uni/SecondoAnno/PrimoSemestre/Sistemi Operativi/EserciziInSessione/2/valgrind-3.26.0/missing'\'' autoheader'
AUTOMAKE='${SHELL} '\''/home/francesco/codicivscode/Uni/SecondoAnno/PrimoSemestre/Sistemi Operativi/EserciziInSessione/2/valgrind-3.26.0/missing'\'' automake-1.17'
AWK='gawk'
BOOST_CFLAGS=''
BOOST_LIBS=''
BUILD_ADDR32_TESTS_FALSE='#'
BUILD_ADDR32_TESTS_TRUE=''
BUILD_ADX_TESTS_FALSE='#'
BUILD_ADX_TESTS_TRUE=''
BUILD_ARMV81_TESTS_FALSE=''
BUILD_ARMV81_TESTS_TRUE='#'
BUILD_ARMV82_DOTPROD_TESTS_FALSE=''
BUILD_ARMV82_DOTPROD_TESTS_TRUE='#'
BUILD_ARMV82_TESTS_FALSE=''
BUILD_ARMV82_TESTS_TRUE='#'
BUILD_ARMV8_CRC_TESTS_FALSE=''
BUILD_ARMV8_CRC_TESTS_TRUE='#'
BUILD_AVX2_TESTS_FALSE='#'
BUILD_AVX2_TESTS_TRUE=''
BUILD_AVX_TESTS_FALSE='#'
BUILD_AVX_TESTS_TRUE=''
BUILD_BMI_TESTS_FALSE='#'
BUILD_BMI_TESTS_TRUE=''
BUILD_DFP_TESTS_FALSE=''
BUILD_DFP_TESTS_TRUE='#'
BUILD_F16C_TESTS_FALSE='#'
BUILD_F16C_TESTS_TRUE=''
BUILD_FMA4_TESTS_FALSE='#'
BUILD_FMA4_TESTS_TRUE=''
BUILD_FMA_TESTS_FALSE='#'
BUILD_FMA_TESTS_TRUE=''
BUILD_IFUNC_TESTS_FALSE='#'
BUILD_IFUNC_TESTS_TRUE=''
BUILD_LOOPNEL_TESTS_FALSE='#'
BUILD_LOOPNEL_TESTS_TRUE=''
BUILD_LZCNT_TESTS_FALSE='#'
BUILD_LZCNT_TESTS_TRUE=''
BUILD_MOVBE_TESTS_FALSE='#'
BUILD_MOVBE_TESTS_TRUE=''
BUILD_MPIWRAP_PRI_FALSE=''
BUILD_MPIWRAP_PRI_TRUE='#'
BUILD_MPIWRAP_SEC_FALSE=''
BUILD_MPIWRAP_SEC_TRUE='#'
BUILD_MPX_TESTS_FALSE='#'
BUILD_MPX_TESTS_TRUE=''
BUILD_PCLMULQDQ_TESTS_FALSE='#'
BUILD_PCLMULQDQ_TESTS_TRUE=''
BUILD_RDRAND_TESTS_FALSE='#'
BUILD_RDRAND_TESTS_TRUE=''
BUILD_RDSEED_TESTS_FALSE='#'
BUILD_RDSEED_TESTS_TRUE=''
BUILD_SSE3_TESTS_FALSE='#'
BUILD_SSE3_TESTS_TRUE=''
BUILD_SSE42_TESTS_FALSE='#'
BUILD_SSE42_TESTS_TRUE=''
BUILD_SSSE3_TESTS_FALSE='#'
BUILD_SSSE3_TESTS_TRUE=''
BUILD_TSX_TESTS_FALSE='#'
BUILD_TSX_TESTS_TRUE=''
BUILD_VPCLMULQDQ_TESTS_FALSE='#'
BUILD_VPCLMULQDQ_TESTS_TRUE=''
CC='gcc'
CCAS='gcc'
CCASDEPMODE='depmode=gcc3'
CCASFLAGS=''
CCDEPMODE='depmode=gcc3'
CFLAGS=''
CFLAGS_MPI='-g -O -fno-omit-frame-pointer -Wall -fpic'
COMPILER_IS_CLANG_FALSE=''
COMPILER_IS_CLANG_TRUE='#'
COMPILER_IS_ICC_FALSE=''
COMPILER_IS_ICC_TRUE='#'
CPP='gcc -E'
CPPFLAGS=''
CSCOPE='cscope'
CTAGS='ctags'
CXX='g++'
CXXDEPMODE='depmode=gcc3'
CXXFLAGS=''
CXX_CAN_INCLUDE_CONDITION_VARIABLE_HEADER_FALSE='#'
CXX_CAN_INCLUDE_CONDITION_VARIABLE_HEADER_TRUE=''
CXX_CAN_INCLUDE_THREAD_HEADER_FALSE='#'
CXX_CAN_INCLUDE_THREAD_HEADER_TRUE=''
CXX_CAN_USE_SHARED_TIMED_MUTEX_FALSE='#'
CXX_CAN_USE_SHARED_TIMED_MUTEX_TRUE=''
CXX_CAN_USE_TIMED_MUTEX_FALSE='#'
CXX_CAN_USE_TIMED_MUTEX_TRUE=''
CYGPATH_W='echo'
DEFAULT_SUPP='./xfree-3.supp ./xfree-4.supp glibc-2.X-drd.supp glibc-2.X-helgrind.supp glibc-2.X.supp '
DEFS='-DHAVE_CONFIG_H'
DEPDIR='.deps'
DIFF='diff -u'
DIS_PATH=''
DWARF4_FALSE='#'
DWARF4_TRUE=''
ECHO_C=''
ECHO_N='-n'
ECHO_T=''
ENABLE_LINUX_TICKET_LOCK_PRIMARY_FALSE='#'
ENABLE_LINUX_TICKET_LOCK_PRIMARY_TRUE=''
ENABLE_LINUX_TICKET_LOCK_SECONDARY_FALSE=''
ENABLE_LINUX_TICKET_LOCK_SECONDARY_TRUE='#'
ETAGS='etags'
EXEEXT=''
FLAG_32ON64_GXX=''
FLAG_FALIGNED_NEW='-faligned-new'
FLAG_FINLINE_FUNCTIONS='-finline-functions'
FLAG_FNO_IPA_ICF='-fno-ipa-icf'
FLAG_FNO_STACK_PROTECTOR='-fno-stack-protector'
FLAG_FSANITIZE=''
FLAG_FSIZED_DEALLOCATION='-fsized-deallocation'
FLAG_M32=' -m32'
FLAG_M64='-m64'
FLAG_MLONG_DOUBLE_128='-mlong-double-128'
FLAG_MMMX='-mmmx'
FLAG_MSA=''
FLAG_MSSE='-msse'
FLAG_NO_BUILD_ID=''
FLAG_NO_PIE='-no-pie'
FLAG_NO_WARN_EXECSTACK=''
FLAG_OCTEON2=''
FLAG_OCTEON=''
FLAG_PIE='-pie'
FLAG_S390_PGSTE=''
FLAG_T_TEXT='-Ttext-segment'
FLAG_UNLIMITED_INLINE_UNIT_GROWTH='--param inline-unit-growth=900'
FLAG_W_CAST_ALIGN='-Wcast-align'
FLAG_W_CAST_QUAL='-Wcast-qual'
FLAG_W_EMPTY_BODY='-Wempty-body'
FLAG_W_ENUM_CONVERSION='-Wenum-conversion'
FLAG_W_EXTRA='-Wextra'
FLAG_W_FORMAT='-Wformat'
FLAG_W_FORMAT_SECURITY='-Wformat-security'
FLAG_W_FORMAT_SIGNEDNESS='-Wformat-signedness'
FLAG_W_IGNORED_QUALIFIERS='-Wignored-qualifiers'
FLAG_W_IMPLICIT_FALLTHROUGH='-Wimplicit-fallthrough=2'
FLAG_W_LOGICAL_OP='-Wlogical-op'
FLAG_W_MISSING_PARAMETER_TYPE='-Wmissing-parameter-type'
FLAG_W_NO_ALLOC_SIZE=''
FLAG_W_NO_ALLOC_SIZE_LARGER_THAN='-Wno-alloc-size-larger-than=18446744073709551615'
FLAG_W_NO_ATTRIBUTES='-Wno-attributes'
FLAG_W_NO_BUILTIN_MEMCPY_CHK_SIZE=''
FLAG_W_NO_DEPRECATED='-Wno-deprecated'
FLAG_W_NO_EXPANSION_TO_DEFINED='-Wno-expansion-to-defined'
FLAG_W_NO_FORMAT_OVERFLOW='-Wno-format-overflow'
FLAG_W_NO_FORTIFY_SOURCE=''
FLAG_W_NO_FREE_NONHEAP_OBJECT='-Wno-free-nonheap-object'
FLAG_W_NO_IMPLICIT_EXCEPTION_SPEC_MISMATCH=''
FLAG_W_NO_INCOMPATIBLE_POINTER_TYPES_DISCARDS_QUALIFIERS=''
FLAG_W_NO_INFINITE_RECURSION=''
FLAG_W_NO_MAYBE_UNINITIALIZED='-Wno-maybe-uninitialized'
FLAG_W_NO_MEMSET_TRANSPOSED_ARGS='-Wno-memset-transposed-args'
FLAG_W_NO_MISMATCHED_NEW_DELETE='-Wno-mismatched-new-delete'
FLAG_W_NO_MISSING_EXCEPTION_SPEC=''
FLAG_W_NO_NONNULL='-Wno-nonnull'
FLAG_W_NO_NON_POWER_OF_TWO_ALIGNMENT=''
FLAG_W_NO_OVERFLOW='-Wno-overflow'
FLAG_W_NO_POINTER_SIGN='-Wno-pointer-sign'
FLAG_W_NO_SIGN_COMPARE='-Wno-sign-compare'
FLAG_W_NO_STATIC_LOCAL_IN_INLINE=''
FLAG_W_NO_STRINGOP_OVERFLOW='-Wno-stringop-overflow'
FLAG_W_NO_STRINGOP_OVERREAD='-Wno-stringop-overread'
FLAG_W_NO_STRINGOP_TRUNCATION='-Wno-stringop-truncation'
FLAG_W_NO_SUSPICIOUS_BZERO=''
FLAG_W_NO_UNINITIALIZED='-Wno-uninitialized'
FLAG_W_NO_UNUSED_BUT_SET_VARIABLE='-Wno-unused-but-set-variable'
FLAG_W_NO_UNUSED_FUNCTION='-Wno-unused-function'
FLAG_W_NO_UNUSED_RESULT='-Wno-unused-result'
FLAG_W_NO_UNUSED_VARIABLE='-Wno-unused-variable'
FLAG_W_NO_USE_AFTER_FREE=''
FLAG_W_OLD_STYLE_DECLARATION='-Wold-style-declaration'
FLAG_W_WRITE_STRINGS='-Wwrite-strings'
FREEBSD_EVENTFD_FALSE=''
FREEBSD_EVENTFD_TRUE='#'
FREEBSD_KQUEUEX_SYSCALL_FALSE=''
FREEBSD_KQUEUEX_SYSCALL_TRUE='#'
FREEBSD_REALPATHAT_SYSCALL_FALSE=''
FREEBSD_REALPATHAT_SYSCALL_TRUE='#'
FREEBSD_TIMERFD_SYSCALL_FALSE=''
FREEBSD_TIMERFD_SYSCALL_TRUE='#'
GDB='/usr/bin/gdb'
GDBSCRIPTS_FALSE='#'
GDBSCRIPTS_TRUE=''
GLIBC_LIBC_PATH='*/lib*/libc.so.6'
GLIBC_LIBPTHREAD_PATH='*/lib*/libc.so.6'
GLIBC_VERSION='2.35'
GZ_ZLIB_FALSE='#'
GZ_ZLIB_GNU_FALSE='#'
GZ_ZLIB_GNU_TRUE=''
GZ_ZLIB_TRUE=''
GZ_ZSTD_FALSE=''
GZ_ZSTD_TRUE='#'
HAS_ALTIVEC_FALSE=''
HAS_ALTIVEC_TRUE='#'
HAS_DARN_FALSE=''
HAS_DARN_TRUE='#'
HAS_DFP_FALSE=''
HAS_DFP_TRUE='#'
HAS_ISA_2_05_FALSE=''
HAS_ISA_2_05_TRUE='#'
HAS_ISA_2_06_FALSE=''
HAS_ISA_2_06_TRUE='#'
HAS_ISA_2_07_FALSE=''
HAS_ISA_2_07_TRUE='#'
HAS_ISA_3_00_FALSE=''
HAS_ISA_3_00_TRUE='#'
HAS_ISA_3_1_FALSE=''
HAS_ISA_3_1_TRUE='#'
HAS_MLONG_DOUBLE_128_FALSE='#'
HAS_MLONG_DOUBLE_128_TRUE=''
HAS_VSX_FALSE=''
HAS_VSX_TRUE='#'
HAS_XSCVHPDP_FALSE=''
HAS_XSCVHPDP_TRUE='#'
HAVE_AIO_READV_FALSE=''
HAVE_AIO_READV_TRUE='#'
HAVE_ALIGNED_CXX_ALLOC_FALSE='#'
HAVE_ALIGNED_CXX_ALLOC_TRUE=''
HAVE_ALIGN_VAL_T_FALSE='#'
HAVE_ALIGN_VAL_T_TRUE=''
HAVE_ANSI_FALSE='#'
HAVE_ANSI_TRUE=''
HAVE_ASM_CONSTRAINT_P_FALSE='#'
HAVE_ASM_CONSTRAINT_P_TRUE=''
HAVE_AT_FDCWD_FALSE='#'
HAVE_AT_FDCWD_TRUE=''
HAVE_BOOST_1_35_FALSE=''
HAVE_BOOST_1_35_TRUE='#'
HAVE_BUILTIN_ATOMIC64_FALSE='#'
HAVE_BUILTIN_ATOMIC64_TRUE=''
HAVE_BUILTIN_ATOMIC_CXX_FALSE='#'
HAVE_BUILTIN_ATOMIC_CXX_TRUE=''
HAVE_BUILTIN_ATOMIC_FALSE='#'
HAVE_BUILTIN_ATOMIC_SECONDARY_FALSE=''
HAVE_BUILTIN_ATOMIC_SECONDARY_TRUE='#'
HAVE_BUILTIN_ATOMIC_TRUE=''
HAVE_CLOSE_RANGE_FALSE='#'
HAVE_CLOSE_RANGE_TRUE=''
HAVE_CONSTEXPR_IF_FALSE='#'
HAVE_CONSTEXPR_IF_TRUE=''
HAVE_COPY_FILE_RANGE_FALSE='#'
HAVE_COPY_FILE_RANGE_TRUE=''
HAVE_CXX17_FALSE='#'
HAVE_CXX17_TRUE=''
HAVE_DLINFO_RTLD_DI_TLS_MODID_FALSE='#'
HAVE_DLINFO_RTLD_DI_TLS_MODID_TRUE=''
HAVE_EXTERRCTL_FALSE=''
HAVE_EXTERRCTL_TRUE='#'
HAVE_FCHROOT_FALSE=''
HAVE_FCHROOT_TRUE='#'
HAVE_FDATASYNC_FALSE='#'
HAVE_FDATASYNC_TRUE=''
HAVE_FREE_ALIGNED_SIZED_FALSE=''
HAVE_FREE_ALIGNED_SIZED_TRUE='#'
HAVE_FSIZED_DEALLOCATION_FALSE='#'
HAVE_FSIZED_DEALLOCATION_TRUE=''
HAVE_GETADDRINFO_FALSE='#'
HAVE_GETADDRINFO_TRUE=''
HAVE_GETRANDOM_FALSE='#'
HAVE_GETRANDOM_TRUE=''
HAVE_GETRLIMITUSAGE_FALSE=''
HAVE_GETRLIMITUSAGE_TRUE='#'
HAVE_GNU_STPNCPY_FALSE='#'
HAVE_GNU_STPNCPY_TRUE=''
HAVE_LIBAIO_FALSE=''
HAVE_LIBAIO_TRUE='#'
HAVE_MEMFD_CREATE_FALSE='#'
HAVE_MEMFD_CREATE_TRUE=''
HAVE_NESTED_FUNCTIONS_FALSE='#'
HAVE_NESTED_FUNCTIONS_TRUE=''
HAVE_NR_IO_PGETEVENTS_FALSE='#'
HAVE_NR_IO_PGETEVENTS_TRUE=''
HAVE_NR_MEMBARRIER_FALSE='#'
HAVE_NR_MEMBARRIER_TRUE=''
HAVE_OPENAT2_FALSE='#'
HAVE_OPENAT2_TRUE=''
HAVE_OPENMP_FALSE='#'
HAVE_OPENMP_TRUE=''
HAVE_OPENSSL_FALSE='#'
HAVE_OPENSSL_TRUE=''
HAVE_PREADV2_PWRITEV2_FALSE='#'
HAVE_PREADV2_PWRITEV2_TRUE=''
HAVE_PREADV_PWRITEV_FALSE='#'
HAVE_PREADV_PWRITEV_TRUE=''
HAVE_PTHREAD_BARRIER_FALSE='#'
HAVE_PTHREAD_BARRIER_TRUE=''
HAVE_PTHREAD_CREATE_GLIBC_2_0_FALSE=''
HAVE_PTHREAD_CREATE_GLIBC_2_0_TRUE='#'
HAVE_PTHREAD_MUTEX_TIMEDLOCK_FALSE='#'
HAVE_PTHREAD_MUTEX_TIMEDLOCK_TRUE=''
HAVE_PTHREAD_SETNAME_NP_FALSE='#'
HAVE_PTHREAD_SETNAME_NP_TRUE=''
HAVE_PTHREAD_SPINLOCK_FALSE='#'
HAVE_PTHREAD_SPINLOCK_TRUE=''
HAVE_REALLOCARRAY_FALSE='#'
HAVE_REALLOCARRAY_TRUE=''
HAVE_SBRK_FALSE='#'
HAVE_SBRK_TRUE=''
HAVE_SEM_CLOCKWAIT_NP_FALSE=''
HAVE_SEM_CLOCKWAIT_NP_TRUE='#'
HAVE_SEM_TIMEDWAIT_FALSE='#'
HAVE_SEM_TIMEDWAIT_TRUE=''
HAVE_SETCONTEXT_FALSE='#'
HAVE_SETCONTEXT_TRUE=''
HAVE_SETCRED_FALSE=''
HAVE_SETCRED_TRUE='#'
HAVE_SHA3_FALSE=''
HAVE_SHA3_TRUE='#'
HAVE_SHARED_POINTER_ANNOTATION_FALSE='#'
HAVE_SHARED_POINTER_ANNOTATION_TRUE=''
HAVE_STATIC_LIBC_FALSE='#'
HAVE_STATIC_LIBC_TRUE=''
HAVE_STRLCAT_FALSE=''
HAVE_STRLCAT_TRUE='#'
HAVE_STRLCPY_FALSE=''
HAVE_STRLCPY_TRUE='#'
HAVE_SWAPCONTEXT_FALSE='#'
HAVE_SWAPCONTEXT_TRUE=''
HAVE_THRD_CREATE_FALSE='#'
HAVE_THRD_CREATE_TRUE=''
HAVE_TIMER_DELETE_FALSE='#'
HAVE_TIMER_DELETE_TRUE=''
HAVE_WCPNCPY_FALSE='#'
HAVE_WCPNCPY_TRUE=''
HAVE_WCSNCPY_FALSE='#'
HAVE_WCSNCPY_TRUE=''
HAVE_WCSXFRM_FALSE='#'
HAVE_WCSXFRM_TRUE=''
HWCAP_HAS_ALTIVEC=''
HWCAP_HAS_DFP=''
HWCAP_HAS_HTM=''
HWCAP_HAS_ISA_2_05=''
HWCAP_HAS_ISA_2_06=''
HWCAP_HAS_ISA_2_07=''
HWCAP_HAS_ISA_3_00=''
HWCAP_HAS_ISA_3_1=''
HWCAP_HAS_MMA=''
HWCAP_HAS_VSX=''
INSTALL_DATA='${INSTALL} -m 644'
INSTALL_PROGRAM='${INSTALL}'
INSTALL_SCRIPT='${INSTALL}'
INSTALL_STRIP_PROGRAM='$(install_sh) -c -s'
LDFLAGS=''
LDFLAGS_MPI='-fpic -shared'
LIBOBJS=''
LIBS=''
LIB_UBSAN=''
LN_S='ln -s'
LTLIBOBJS=''
LTO_AR='/usr/bin/ar'
LTO_CFLAGS=''
LTO_RANLIB='ranlib'
MAINT='#'
MAINTAINER_MODE_FALSE=''
MAINTAINER_MODE_TRUE='#'
MAKEINFO='${SHELL} '\''/home/francesco/codicivscode/Uni/SecondoAnno/PrimoSemestre/Sistemi Operativi/EserciziInSessione/2/valgrind-3.26.0/missing'\'' makeinfo'
MKDIR_P='/usr/bin/mkdir -p'
MPI_CC='mpicc'
OBJEXT='o'
PACKAGE='valgrind'
PACKAGE_BUGREPORT='valgrind-users@lists.sourceforge.net'
PACKAGE_NAME='Valgrind'
PACKAGE_STRING='Valgrind 3.26.0'
PACKAGE_TARNAME='valgrind'
PACKAGE_URL=''
PACKAGE_VERSION='3.26.0'
PATH_SEPARATOR=':'
PERL='/usr/bin/perl'
PREFERRED_STACK_BOUNDARY_2='-mpreferred-stack-boundary=2'
RANLIB='ranlib'
SED='/usr/bin/sed'
SET_MAKE=''
SHA256SUM='sha256sum'
SHELL='/bin/bash'
SOLARIS_AUDITON_STAT_FALSE=''
SOLARIS_AUDITON_STAT_TRUE='#'
SOLARIS_EXECVE_SYSCALL_TAKES_FLAGS_FALSE=''
SOLARIS_EXECVE_SYSCALL_TAKES_FLAGS_TRUE='#'
SOLARIS_FREALPATHAT_SYSCALL_FALSE=''
SOLARIS_FREALPATHAT_SYSCALL_TRUE='#'
SOLARIS_GETHRT_FASTTRAP_FALSE=''
SOLARIS_GETHRT_FASTTRAP_TRUE='#'
SOLARIS_GETRANDOM_SYSCALL_FALSE=''
SOLARIS_GETRANDOM_SYSCALL_TRUE='#'
SOLARIS_GETZONEOFFSET_FASTTRAP_FALSE=''
SOLARIS_GETZONEOFFSET_FASTTRAP_TRUE='#'
SOLARIS_LWP_NAME_SYSCALL_FALSE=''
SOLARIS_LWP_NAME_SYSCALL_TRUE='#'
SOLARIS_LWP_SIGQUEUE_SYSCALL_FALSE=''
SOLARIS_LWP_SIGQUEUE_SYSCALL_TAKES_PID_FALSE=''
SOLARIS_LWP_SIGQUEUE_SYSCALL_TAKES_PID_TRUE='#'
SOLARIS_LWP_SIGQUEUE_SYSCALL_TRUE='#'
SOLARIS_MODCTL_MODNVL_FALSE=''
SOLARIS_MODCTL_MODNVL_TRUE='#'
SOLARIS_NSCD_DOOR_SYSTEM_VOLATILE_FALSE=''
SOLARIS_NSCD_DOOR_SYSTEM_VOLATILE_TRUE='#'
SOLARIS_OLD_SYSCALLS_FALSE=''
SOLARIS_OLD_SYSCALLS_TRUE='#'
SOLARIS_PROC_CMDLINE_FALSE=''
SOLARIS_PROC_CMDLINE_TRUE='#'
SOLARIS_PRXREGSET_T_FALSE=''
SOLARIS_PRXREGSET_T_TRUE='#'
SOLARIS_PSET_GET_NAME_FALSE=''
SOLARIS_PSET_GET_NAME_TRUE='#'
SOLARIS_RESERVE_SYSSTAT_ADDR_FALSE=''
SOLARIS_RESERVE_SYSSTAT_ADDR_TRUE='#'
SOLARIS_RESERVE_SYSSTAT_ZONE_ADDR_FALSE=''
SOLARIS_RESERVE_SYSSTAT_ZONE_ADDR_TRUE='#'
SOLARIS_SHM_NEW_FALSE=''
SOLARIS_SHM_NEW_TRUE='#'
SOLARIS_SPAWN_SYSCALL_FALSE=''
SOLARIS_SPAWN_SYSCALL_TRUE='#'
SOLARIS_SUN_STUDIO_AS_FALSE=''
SOLARIS_SUN_STUDIO_AS_TRUE='#'
SOLARIS_SYSTEM_STATS_SYSCALL_FALSE=''
SOLARIS_SYSTEM_STATS_SYSCALL_TRUE='#'
SOLARIS_TNDB_GET_TNIP_FALSE=''
SOLARIS_TNDB_GET_TNIP_TRUE='#'
SOLARIS_TSOL_CLEARANCE_FALSE=''
SOLARIS_TSOL_CLEARANCE_TRUE='#'
SOLARIS_UNDEF_LARGESOURCE=''
SOLARIS_UTIMENSAT_SYSCALL_FALSE=''
SOLARIS_UTIMENSAT_SYSCALL_TRUE='#'
SOLARIS_UTIMESYS_SYSCALL_FALSE=''
SOLARIS_UTIMESYS_SYSCALL_TRUE='#'
SOLARIS_UUIDSYS_SYSCALL_FALSE=''
SOLARIS_UUIDSYS_SYSCALL_TRUE='#'
SOLARIS_XPG_SYMBOLS_PRESENT_FALSE=''
SOLARIS_XPG_SYMBOLS_PRESENT_TRUE='#'
SOLARIS_ZONE_DEFUNCT_FALSE=''
SOLARIS_ZONE_DEFUNCT_TRUE='#'
STRIP=''
SUPPORTS_HTM_FALSE=''
SUPPORTS_HTM_TRUE='#'
VALT_LOAD_ADDRESS_PRI='0x58000000'
VALT_LOAD_ADDRESS_SEC='0xUNSET'
VERSION='3.26.0'
VGCONF_ABI=''
VGCONF_ARCHS_INCLUDE_AMD64_FALSE='#'
VGCONF_ARCHS_INCLUDE_AMD64_TRUE=''
VGCONF_ARCHS_INCLUDE_ARM64_FALSE=''
VGCONF_ARCHS_INCLUDE_ARM64_TRUE='#'
VGCONF_ARCHS_INCLUDE_ARM_FALSE=''
VGCONF_ARCHS_INCLUDE_ARM_TRUE='#'
VGCONF_ARCHS_INCLUDE_MIPS32_FALSE=''
VGCONF_ARCHS_INCLUDE_MIPS32_TRUE='#'
VGCONF_ARCHS_INCLUDE_MIPS64_FALSE=''
VGCONF_ARCHS_INCLUDE_MIPS64_TRUE='#'
VGCONF_ARCHS_INCLUDE_NANOMIPS_FALSE=''
VGCONF_ARCHS_INCLUDE_NANOMIPS_TRUE='#'
VGCONF_ARCHS_INCLUDE_PPC32_FALSE=''
VGCONF_ARCHS_INCLUDE_PPC32_TRUE='#'
VGCONF_ARCHS_INCLUDE_PPC64_FALSE=''
VGCONF_ARCHS_INCLUDE_PPC64_TRUE='#'
VGCONF_ARCHS_INCLUDE_RISCV64_FALSE=''
VGCONF_ARCHS_INCLUDE_RISCV64_TRUE='#'
VGCONF_ARCHS_INCLUDE_S390X_FALSE=''
VGCONF_ARCHS_INCLUDE_S390X_TRUE='#'
VGCONF_ARCHS_INCLUDE_X86_FALSE=''
VGCONF_ARCHS_INCLUDE_X86_TRUE='#'
VGCONF_ARCH_PRI='amd64'
VGCONF_ARCH_SEC=''
VGCONF_HAVE_ABI_FALSE=''
VGCONF_HAVE_ABI_TRUE='#'
VGCONF_HAVE_PLATFORM_SEC_FALSE=''
VGCONF_HAVE_PLATFORM_SEC_TRUE='#'
VGCONF_OS='linux'
VGCONF_OS_IS_DARWIN_FALSE=''
VGCONF_OS_IS_DARWIN_OR_FREEBSD_FALSE=''
VGCONF_OS_IS_DARWIN_OR_FREEBSD_TRUE='#'
VGCONF_OS_IS_DARWIN_TRUE='#'
VGCONF_OS_IS_FREEBSD_FALSE=''
VGCONF_OS_IS_FREEBSD_TRUE='#'
VGCONF_OS_IS_LINUX_FALSE='#'
VGCONF_OS_IS_LINUX_TRUE=''
VGCONF_OS_IS_SOLARIS_FALSE=''
VGCONF_OS_IS_SOLARIS_TRUE='#'
VGCONF_PLATFORMS_INCLUDE_AMD64_DARWIN_FALSE=''
VGCONF_PLATFORMS_INCLUDE_AMD64_DARWIN_TRUE='#'
VGCONF_PLATFORMS_INCLUDE_AMD64_FREEBSD_FALSE=''
VGCONF_PLATFORMS_INCLUDE_AMD64_FREEBSD_TRUE='#'
VGCONF_PLATFORMS_INCLUDE_AMD64_LINUX_FALSE='#'
VGCONF_PLATFORMS_INCLUDE_AMD64_LINUX_TRUE=''
VGCONF_PLATFORMS_INCLUDE_AMD64_SOLARIS_FALSE=''
VGCONF_PLATFORMS_INCLUDE_AMD64_SOLARIS_TRUE='#'
VGCONF_PLATFORMS_INCLUDE_ARM64_FREEBSD_FALSE=''
VGCONF_PLATFORMS_INCLUDE_ARM64_FREEBSD_TRUE='#'
VGCONF_PLATFORMS_INCLUDE_ARM64_LINUX_FALSE=''
VGCONF_PLATFORMS_INCLUDE_ARM64_LINUX_TRUE='#'
VGCONF_PLATFORMS_INCLUDE_ARM_LINUX_FALSE=''
VGCONF_PLATFORMS_INCLUDE_ARM_LINUX_TRUE='#'
VGCONF_PLATFORMS_INCLUDE_MIPS32_LINUX_FALSE=''
VGCONF_PLATFORMS_INCLUDE_MIPS32_LINUX_TRUE='#'
VGCONF_PLATFORMS_INCLUDE_MIPS64_LINUX_FALSE=''
VGCONF_PLATFORMS_INCLUDE_MIPS64_LINUX_TRUE='#'
VGCONF_PLATFORMS_INCLUDE_NANOMIPS_LINUX_FALSE=''
VGCONF_PLATFORMS_INCLUDE_NANOMIPS_LINUX_TRUE='#'
VGCONF_PLATFORMS_INCLUDE_PPC32_LINUX_FALSE=''
VGCONF_PLATFORMS_INCLUDE_PPC32_LINUX_TRUE='#'
VGCONF_PLATFORMS_INCLUDE_PPC64BE_LINUX_FALSE=''
VGCONF_PLATFORMS_INCLUDE_PPC64BE_LINUX_TRUE='#'
VGCONF_PLATFORMS_INCLUDE_PPC64LE_LINUX_FALSE=''
VGCONF_PLATFORMS_INCLUDE_PPC64LE_LINUX_TRUE='#'
VGCONF_PLATFORMS_INCLUDE_RISCV64_LINUX_FALSE=''
VGCONF_PLATFORMS_INCLUDE_RISCV64_LINUX_TRUE='#'
VGCONF_PLATFORMS_INCLUDE_S390X_LINUX_FALSE=''
VGCONF_PLATFORMS_INCLUDE_S390X_LINUX_TRUE='#'
VGCONF_PLATFORMS_INCLUDE_X86_DARWIN_FALSE=''
VGCONF_PLATFORMS_INCLUDE_X86_DARWIN_TRUE='#'
VGCONF_PLATFORMS_INCLUDE_X86_FREEBSD_FALSE=''
VGCONF_PLATFORMS_INCLUDE_X86_FREEBSD_TRUE='#'
VGCONF_PLATFORMS_INCLUDE_X86_LINUX_FALSE=''
VGCONF_PLATFORMS_INCLUDE_X86_LINUX_TRUE='#'
VGCONF_PLATFORMS_INCLUDE_X86_SOLARIS_FALSE=''
VGCONF_PLATFORMS_INCLUDE_X86_SOLARIS_TRUE='#'
VGCONF_PLATFORM_ARM_ARCH=''
VGCONF_PLATFORM_PRI_CAPS='AMD64_LINUX'
VGCONF_PLATFORM_SEC_CAPS=''
VGCONF_PLATVARIANT='vanilla'
VGCONF_PLATVARIANT_IS_ANDROID_FALSE=''
VGCONF_PLATVARIANT_IS_ANDROID_TRUE='#'
VGCONF_PLATVARIANT_IS_VANILLA_FALSE='#'
VGCONF_PLATVARIANT_IS_VANILLA_TRUE=''
VG_DATE='24 Oct 2025'
VG_GDBSCRIPTS_DIR='${exec_prefix}/libexec/valgrind'
VG_TMPDIR='/tmp'
VG_VER_MAJOR='3'
VG_VER_MINOR='26'
XCODE_DIR=''
XCRUN=''
ac_ct_CC='gcc'
ac_ct_CXX='g++'
am__EXEEXT_FALSE=''
am__EXEEXT_TRUE='#'
am__fastdepCCAS_FALSE='#'
am__fastdepCCAS_TRUE=''
am__fastdepCC_FALSE='#'
am__fastdepCC_TRUE=''
am__fastdepCXX_FALSE='#'
am__fastdepCXX_TRUE=''
am__include='include'
am__isrc=''
am__leading_dot='.'
am__nodep='_no'
am__quote=''
am__rm_f_notfound=''
am__tar='tar --format=ustar -chf - "$$tardir"'
am__untar='tar -xf -'
am__xargs_n='xargs -n'
bindir='${exec_prefix}/bin'
build='x86_64-pc-linux-gnu'
build_alias=''
build_cpu='x86_64'
build_os='linux-gnu'
build_vendor='pc'
datadir='${datarootdir}'
datarootdir='${prefix}/share'
docdir='${datarootdir}/doc/${PACKAGE_TARNAME}'
dvidir='${docdir}'
exec_prefix='${prefix}'
host='x86_64-pc-linux-gnu'
host_alias=''
host_cpu='x86_64'
host_os='linux-gnu'
host_vendor='pc'
htmldir='${docdir}'
includedir='${prefix}/include'
infodir='${datarootdir}/info'
install_sh='${SHELL} '\''/home/francesco/codicivscode/Uni/SecondoAnno/PrimoSemestre/Sistemi Operativi/EserciziInSessione/2/valgrind-3.26.0/install-sh'\'''
libdir='${exec_prefix}/lib'
libexecdir='${exec_prefix}/libexec'
localedir='${datarootdir}/locale'
localstatedir='${prefix}/var'
mandir='${datarootdir}/man'
mkdir_p='$(MKDIR_P)'
oldincludedir='/usr/include'
pdfdir='${docdir}'
prefix='/usr/local'
program_transform_name='s,x,x,'
psdir='${docdir}'
runstatedir='${localstatedir}/run'
sbindir='${exec_prefix}/sbin'
sharedstatedir='${prefix}/com'
sysconfdir='${prefix}/etc'
target_alias=''

## ----------- ##
## confdefs.h. ##
## ----------- ##

/* confdefs.h */
#define PACKAGE_NAME "Valgrind"
#define PACKAGE_TARNAME "valgrind"
#define PACKAGE_VERSION "3.26.0"
#define PACKAGE_STRING "Valgrind 3.26.0"
#define PACKAGE_BUGREPORT "valgrind-users@lists.sourceforge.net"
#define PACKAGE_URL ""
#define PACKAGE "valgrind"
#define VERSION "3.26.0"
#define GDB_PATH "/usr/bin/gdb"
#define VG_TMPDIR "/tmp"
#define HAVE_STDIO_H 1
#define HAVE_STDLIB_H 1
#define HAVE_STRING_H 1
#define HAVE_INTTYPES_H 1
#define HAVE_STDINT_H 1
#define HAVE_STRINGS_H 1
#define HAVE_SYS_STAT_H 1
#define HAVE_SYS_TYPES_H 1
#define HAVE_UNISTD_H 1
#define HAVE_SYS_TIME_H 1
#define HAVE_SYS_PARAM_H 1
#define STDC_HEADERS 1
#define HAVE_HEADER_FEATURES_H 1
#define GLIBC_MANDATORY_STRLEN_REDIRECT 1
#define GLIBC_MANDATORY_INDEX_AND_STRLEN_REDIRECT 1
#define HAVE_PTRACE_GETREGS 1
#define HAVE_CLOCK_MONOTONIC 1
#define HAVE_ELF32_CHDR 1
#define HAVE_ELF64_CHDR 1
#define HAVE_PTHREAD_RWLOCK_T 1
#define HAVE_CLOCKID_T 1
#define HAVE_PTHREAD_MUTEX_ADAPTIVE_NP 1
#define HAVE_PTHREAD_MUTEX_ERRORCHECK_NP 1
#define HAVE_PTHREAD_MUTEX_RECURSIVE_NP 1
#define HAVE_PTHREAD_RECURSIVE_MUTEX_INITIALIZER_NP 1
#define HAVE_PTHREAD_MUTEX_T__DATA__KIND 1
#define HAVE_DLINFO_RTLD_DI_TLS_MODID 1
#define HAVE_EVENTFD 1
#define HAVE_EVENTFD_READ 1
#define HAVE_SYS_USER_REGS 1
#define HAVE_AS_AMD64_FXSAVE64 1
#define HAVE_TLS 1
#define HAVE_ASM_UNISTD_H 1
#define HAVE_ENDIAN_H 1
#define HAVE_MQUEUE_H 1
#define HAVE_SYS_EPOLL_H 1
#define HAVE_SYS_EVENTFD_H 1
#define HAVE_SYS_KLOG_H 1
#define HAVE_SYS_POLL_H 1
#define HAVE_SYS_PRCTL_H 1
#define HAVE_SYS_SIGNAL_H 1
#define HAVE_SYS_SIGNALFD_H 1
#define HAVE_SYS_SYSCALL_H 1
#define HAVE_SYS_TIME_H 1
#define HAVE_SYS_TYPES_H 1
#define HAVE_USABLE_LINUX_FUTEX_H 1
#define HAVE_STRUCT_STATX_IN_SYS_STAT_H 1
#define HAVE_GETPAGESIZE 1
#define HAVE_MMAP 1
#define HAVE_LIBPTHREAD 1
#define HAVE_LIBRT 1
#define HAVE_LIBRT 1
#define HAVE_ALIGNED_ALLOC 1
#define HAVE_CLOCK_GETTIME 1
#define HAVE_COPY_FILE_RANGE 1
#define HAVE_EPOLL_CREATE 1
#define HAVE_EPOLL_PWAIT 1
#define HAVE_GETADDRINFO 1
#define HAVE_KLOGCTL 1
#define HAVE_MALLINFO 1
#define HAVE_MALLINFO2 1
#define HAVE_MEMCHR 1
#define HAVE_MEMFD_CREATE 1
#define HAVE_MEMSET 1
#define HAVE_MKDIR 1
#define HAVE_MREMAP 1
#define HAVE_PIPE2 1
#define HAVE_PPOLL 1
#define HAVE_PREADV 1
#define HAVE_PREADV2 1
#define HAVE_PROCESS_VM_READV 1
#define HAVE_PROCESS_VM_WRITEV 1
#define HAVE_PTHREAD_BARRIER_INIT 1
#define HAVE_PTHREAD_CONDATTR_SETCLOCK 1
#define HAVE_PTHREAD_MUTEX_TIMEDLOCK 1
#define HAVE_PTHREAD_RWLOCK_TIMEDRDLOCK 1
#define HAVE_PTHREAD_RWLOCK_TIMEDWRLOCK 1
#define HAVE_PTHREAD_SETNAME_NP 1
#define HAVE_PTHREAD_SPIN_LOCK 1
#define HAVE_PWRITEV 1
#define HAVE_PWRITEV2 1
#define HAVE_RAWMEMCHR 1
#define HAVE_READLINKAT 1
#define HAVE_REALLOCARRAY 1
#define HAVE_SEMTIMEDOP 1
#define HAVE_SETCONTEXT 1
#define HAVE_SIGNALFD 1
#define HAVE_SIGWAITINFO 1
#define HAVE_STRCHR 1
#define HAVE_STRDUP 1
#define HAVE_STRPBRK 1
#define HAVE_STRRCHR 1
#define HAVE_STRSTR 1
#define HAVE_SWAPCONTEXT 1
#define HAVE_SYSCALL 1
#define HAVE_UTIMENSAT 1
#define HAVE_MEMPCPY 1
#define HAVE_STPNCPY 1
#define HAVE_STRCHRNUL 1
#define HAVE_MEMRCHR 1
#define HAVE_STRNDUP 1
#define HAVE_CLOSE_RANGE 1
#define HAVE_WCSNCPY 1
#define HAVE_SBRK 1
#define HAVE_WCPNCPY 1
#define HAVE_WCSXFRM 1
#define HAVE_SEM_TIMEDWAIT 1
#define HAVE_FDATASYNC 1
#define HAVE_GETRANDOM 1
#define HAVE_TIMER_DELETE 1
#define HAVE_BUILTIN_POPCOUT 1
#define HAVE_BUILTIN_CLZ 1
#define HAVE_BUILTIN_CTZ 1
#define HAVE_BUILTIN_ATOMIC 1
#define HAVE_BUILTIN_ATOMIC_CXX 1
#define HAVE_SHARED_POINTER_ANNOTATION 1

configure: exit 0
